elect,electorate,['wn'],[1],[21],[105],[397],NA,0.6017545820328345
elect,elector,['wn'],[1],[21],[105],[397],1.0,0.60220179570924026
elect,elect,['wn'],[1],[21],[105],[397],NA,-5.9604648328104304e-08
elect,election,['wn'],[1],[21],[105],[397],0.9852941176470589,0.4521296889859252
elect,reelection,"['wn', 'wn', 'wn', 'wn', 'wn', 'wn', 'wn', 'wn', 'wn', 'wn', 'wn', 'wn', 'wn', 'wn', 'wn', 'wn', 'wn', 'wn', 'wn', 'wn', 'wn']","[1, 1, 1, 1, 1, 1, 1, 1, 1, 1, 1, 1, 1, 1, 1, 1, 1, 1, 1, 1, 1]","[3, 3, 3, 3, 3, 3, 3, 3, 3, 3, 3, 3, 3, 3, 3, 3, 3, 3, 3, 3, 3]","[105, 105, 105, 105, 105, 105, 105, 105, 105, 105, 105, 105, 105, 105, 105, 105, 105, 105, 105, 105, 105]","[397, 397, 397, 397, 397, 397, 397, 397, 397, 397, 397, 397, 397, 397, 397, 397, 397, 397, 397, 397, 397]",1.0,0.53590926742012901
pardon,exculpation,"['wn', 'wn', 'wn', 'wn', 'wn', 'wn', 'wn', 'wn', 'wn', 'wn', 'wn', 'wn', 'wn', 'wn', 'wn']","[0, 0, 0, 0, 0, 0, 0, 0, 0, 0, 0, 0, 0, 0, 0]","[0, 0, 0, 0, 0, 0, 0, 0, 0, 0, 0, 0, 0, 0, 0]","[1, 1, 1, 1, 1, 1, 1, 1, 1, 1, 1, 1, 1, 1, 1]","[27, 27, 27, 27, 27, 27, 27, 27, 27, 27, 27, 27, 27, 27, 27]",NA,0.67200839519500732
pardon,pardon,"['wn', 'wn', 'wn', 'wn', 'wn']","[0, 1, 2, 4, 4]","[1, 0, 0, 2, 2]","[1, 0, 0, 2, 2]","[27, 10, 10, 13, 13]",1.0,0.0
pardon,condonation,"['wn', 'wn', 'wn', 'wn', 'wn', 'wn', 'wn', 'wn', 'wn', 'wn', 'wn', 'wn', 'wn', 'wn', 'wn']","[0, 0, 0, 0, 0, 0, 0, 0, 0, 0, 0, 0, 0, 0, 0]","[0, 0, 0, 0, 0, 0, 0, 0, 0, 0, 0, 0, 0, 0, 0]","[1, 1, 1, 1, 1, 1, 1, 1, 1, 1, 1, 1, 1, 1, 1]","[27, 27, 27, 27, 27, 27, 27, 27, 27, 27, 27, 27, 27, 27, 27]",NA,0.6687227189540863
pardon,pardoner,"['wn', 'wn']","[4, 4]","[2, 2]","[2, 2]","[13, 13]",NA,0.59311157464981079
pardon,amnesty,"['wn', 'wn', 'wn', 'wn', 'wn', 'wn', 'wn', 'wn', 'wn', 'wn', 'wn', 'wn', 'wn', 'wn', 'wn', 'wn', 'wn', 'wn', 'wn', 'wn', 'wn', 'wn', 'wn', 'wn', 'wn', 'wn', 'wn', 'wn', 'wn', 'wn', 'wn', 'wn', 'wn', 'wn', 'wn', 'wn', 'wn', 'wn', 'wn', 'wn', 'wn', 'wn', 'wn', 'wn']","[1, 2, 4, 4, 4, 4, 4, 4, 4, 4, 4, 4, 4, 4, 4, 4, 4, 4, 4, 4, 4, 4, 4, 4, 4, 4, 4, 4, 4, 4, 4, 4, 4, 4, 4, 4, 4, 4, 4, 4, 4, 4, 4, 4]","[0, 0, 0, 0, 0, 0, 0, 0, 0, 0, 0, 0, 0, 0, 0, 0, 0, 0, 0, 0, 0, 0, 0, 0, 0, 0, 0, 0, 0, 0, 0, 0, 0, 0, 0, 0, 0, 0, 0, 0, 0, 0, 0, 0]","[0, 0, 2, 2, 2, 2, 2, 2, 2, 2, 2, 2, 2, 2, 2, 2, 2, 2, 2, 2, 2, 2, 2, 2, 2, 2, 2, 2, 2, 2, 2, 2, 2, 2, 2, 2, 2, 2, 2, 2, 2, 2, 2, 2]","[10, 10, 13, 13, 13, 13, 13, 13, 13, 13, 13, 13, 13, 13, 13, 13, 13, 13, 13, 13, 13, 13, 13, 13, 13, 13, 13, 13, 13, 13, 13, 13, 13, 13, 13, 13, 13, 13, 13, 13, 13, 13, 13, 13]",NA,0.46704131364822388
pardon,forgiveness,['wn'],[0],[0],[1],[27],NA,0.54544854164123535
sentence,life,"['wn', 'wn', 'wn', 'wn', 'wn', 'wn', 'wn', 'wn', 'wn', 'wn', 'wn', 'wn', 'wn', 'wn']","[2, 2, 2, 2, 2, 2, 2, 2, 2, 2, 2, 2, 2, 2]","[0, 0, 0, 0, 0, 0, 0, 0, 0, 0, 0, 0, 0, 0]","[3, 3, 3, 3, 3, 3, 3, 3, 3, 3, 3, 3, 3, 3]","[2259, 2259, 2259, 2259, 2259, 2259, 2259, 2259, 2259, 2259, 2259, 2259, 2259, 2259]",0.0,0.73448991775512695
sentence,conviction,['wn'],[1],[3],[8],[128],0.13636363636363635,0.39411618674493953
sentence,sentence,"['wn', 'wn', 'wn', 'wn']","[1, 2, 3, 3]","[5, 3, 6, 6]","[8, 3, 7, 7]","[128, 2259, 105, 105]",0.20512820512820512,5.9604644775390625e-08
move,move,['wn'],[5],[110],[23872],[61156],0.3137254901960784,-1.1920928955078125e-07
move,bounce,"['wn', 'wn', 'wn', 'wn', 'wn', 'wn', 'wn', 'wn', 'wn', 'wn', 'wn', 'wn', 'wn', 'wn', 'wn']","[5, 5, 5, 5, 5, 5, 5, 5, 5, 5, 5, 5, 5, 5, 5]","[4, 4, 4, 4, 4, 4, 4, 4, 4, 4, 4, 4, 4, 4, 4]","[23872, 23872, 23872, 23872, 23872, 23872, 23872, 23872, 23872, 23872, 23872, 23872, 23872, 23872, 23872]","[61156, 61156, 61156, 61156, 61156, 61156, 61156, 61156, 61156, 61156, 61156, 61156, 61156, 61156, 61156]",0.0,0.6378822922706604
move,ascension,"['wn', 'wn', 'wn', 'wn', 'wn', 'wn', 'wn', 'wn', 'wn', 'wn', 'wn', 'wn', 'wn', 'wn', 'wn', 'wn', 'wn', 'wn', 'wn', 'wn', 'wn', 'wn', 'wn', 'wn', 'wn', 'wn', 'wn', 'wn', 'wn', 'wn']","[5, 5, 5, 5, 5, 5, 5, 5, 5, 5, 5, 5, 5, 5, 5, 5, 5, 5, 5, 5, 5, 5, 5, 5, 5, 5, 5, 5, 5, 5]","[3, 3, 3, 3, 3, 3, 3, 3, 3, 3, 3, 3, 3, 3, 3, 3, 3, 3, 3, 3, 3, 3, 3, 3, 3, 3, 3, 3, 3, 3]","[23872, 23872, 23872, 23872, 23872, 23872, 23872, 23872, 23872, 23872, 23872, 23872, 23872, 23872, 23872, 23872, 23872, 23872, 23872, 23872, 23872, 23872, 23872, 23872, 23872, 23872, 23872, 23872, 23872, 23872]","[61156, 61156, 61156, 61156, 61156, 61156, 61156, 61156, 61156, 61156, 61156, 61156, 61156, 61156, 61156, 61156, 61156, 61156, 61156, 61156, 61156, 61156, 61156, 61156, 61156, 61156, 61156, 61156, 61156, 61156]",NA,0.60473427176475525
move,carry,"['wn', 'wn', 'wn', 'wn', 'wn', 'wn', 'wn', 'wn', 'wn', 'wn', 'wn', 'wn', 'wn', 'wn', 'wn']","[5, 5, 5, 5, 5, 5, 5, 5, 5, 5, 5, 5, 5, 5, 5]","[0, 0, 0, 0, 0, 0, 0, 0, 0, 0, 0, 0, 0, 0, 0]","[23872, 23872, 23872, 23872, 23872, 23872, 23872, 23872, 23872, 23872, 23872, 23872, 23872, 23872, 23872]","[61156, 61156, 61156, 61156, 61156, 61156, 61156, 61156, 61156, 61156, 61156, 61156, 61156, 61156, 61156]",1.0,0.74117249250411987
move,mover,['wn'],[5],[110],[23872],[61156],0.0,0.73164042830467224
move,withdrawal,"['wn', 'wn', 'wn', 'wn', 'wn', 'wn', 'wn', 'wn', 'wn', 'wn', 'wn', 'wn', 'wn', 'wn', 'wn']","[5, 5, 5, 5, 5, 5, 5, 5, 5, 5, 5, 5, 5, 5, 5]","[9, 9, 9, 9, 9, 9, 9, 9, 9, 9, 9, 9, 9, 9, 9]","[23872, 23872, 23872, 23872, 23872, 23872, 23872, 23872, 23872, 23872, 23872, 23872, 23872, 23872, 23872]","[61156, 61156, 61156, 61156, 61156, 61156, 61156, 61156, 61156, 61156, 61156, 61156, 61156, 61156, 61156]",0.3333333333333333,0.73914211988449097
move,ascent,"['wn', 'wn', 'wn', 'wn', 'wn', 'wn', 'wn', 'wn', 'wn', 'wn', 'wn', 'wn', 'wn', 'wn', 'wn', 'wn', 'wn', 'wn', 'wn', 'wn', 'wn', 'wn', 'wn', 'wn', 'wn', 'wn', 'wn', 'wn', 'wn', 'wn']","[5, 5, 5, 5, 5, 5, 5, 5, 5, 5, 5, 5, 5, 5, 5, 5, 5, 5, 5, 5, 5, 5, 5, 5, 5, 5, 5, 5, 5, 5]","[3, 3, 3, 3, 3, 3, 3, 3, 3, 3, 3, 3, 3, 3, 3, 3, 3, 3, 3, 3, 3, 3, 3, 3, 3, 3, 3, 3, 3, 3]","[23872, 23872, 23872, 23872, 23872, 23872, 23872, 23872, 23872, 23872, 23872, 23872, 23872, 23872, 23872, 23872, 23872, 23872, 23872, 23872, 23872, 23872, 23872, 23872, 23872, 23872, 23872, 23872, 23872, 23872]","[61156, 61156, 61156, 61156, 61156, 61156, 61156, 61156, 61156, 61156, 61156, 61156, 61156, 61156, 61156, 61156, 61156, 61156, 61156, 61156, 61156, 61156, 61156, 61156, 61156, 61156, 61156, 61156, 61156, 61156]",NA,0.69781789183616638
move,creep,"['wn', 'wn', 'wn', 'wn', 'wn', 'wn', 'wn', 'wn', 'wn', 'wn', 'wn', 'wn', 'wn', 'wn', 'wn', 'wn', 'wn', 'wn', 'wn', 'wn', 'wn', 'wn', 'wn', 'wn', 'wn', 'wn', 'wn', 'wn', 'wn', 'wn']","[5, 5, 5, 5, 5, 5, 5, 5, 5, 5, 5, 5, 5, 5, 5, 5, 5, 5, 5, 5, 5, 5, 5, 5, 5, 5, 5, 5, 5, 5]","[11, 11, 11, 11, 11, 11, 11, 11, 11, 11, 11, 11, 11, 11, 11, 11, 11, 11, 11, 11, 11, 11, 11, 11, 11, 11, 11, 11, 11, 11]","[23872, 23872, 23872, 23872, 23872, 23872, 23872, 23872, 23872, 23872, 23872, 23872, 23872, 23872, 23872, 23872, 23872, 23872, 23872, 23872, 23872, 23872, 23872, 23872, 23872, 23872, 23872, 23872, 23872, 23872]","[61156, 61156, 61156, 61156, 61156, 61156, 61156, 61156, 61156, 61156, 61156, 61156, 61156, 61156, 61156, 61156, 61156, 61156, 61156, 61156, 61156, 61156, 61156, 61156, 61156, 61156, 61156, 61156, 61156, 61156]",NA,0.66988769173622131
move,glide,"['wn', 'wn', 'wn', 'wn', 'wn', 'wn', 'wn', 'wn', 'wn', 'wn', 'wn', 'wn', 'wn', 'wn', 'wn']","[5, 5, 5, 5, 5, 5, 5, 5, 5, 5, 5, 5, 5, 5, 5]","[3, 3, 3, 3, 3, 3, 3, 3, 3, 3, 3, 3, 3, 3, 3]","[23872, 23872, 23872, 23872, 23872, 23872, 23872, 23872, 23872, 23872, 23872, 23872, 23872, 23872, 23872]","[61156, 61156, 61156, 61156, 61156, 61156, 61156, 61156, 61156, 61156, 61156, 61156, 61156, 61156, 61156]",NA,0.73524002642870112
move,travel,"['wn', 'wn', 'wn', 'wn', 'wn', 'wn', 'wn', 'wn', 'wn', 'wn', 'wn', 'wn', 'wn', 'wn', 'wn', 'wn', 'wn', 'wn', 'wn', 'wn', 'wn', 'wn', 'wn', 'wn', 'wn', 'wn', 'wn', 'wn', 'wn', 'wn', 'wn', 'wn', 'wn', 'wn', 'wn', 'wn', 'wn', 'wn', 'wn', 'wn', 'wn', 'wn', 'wn', 'wn', 'wn', 'wn', 'wn']","[5, 5, 5, 5, 5, 5, 5, 5, 5, 5, 5, 5, 5, 5, 5, 5, 5, 5, 5, 5, 5, 5, 5, 5, 5, 5, 5, 5, 5, 5, 5, 5, 5, 5, 5, 5, 5, 5, 5, 5, 5, 5, 5, 5, 5, 5, 5]","[34, 34, 2, 1, 0, 2, 1, 0, 2, 1, 0, 2, 1, 0, 2, 1, 0, 2, 1, 0, 2, 1, 0, 2, 1, 0, 2, 1, 0, 2, 1, 0, 2, 1, 0, 2, 1, 0, 2, 1, 0, 2, 1, 0, 2, 1, 0]","[23872, 23872, 23872, 23872, 23872, 23872, 23872, 23872, 23872, 23872, 23872, 23872, 23872, 23872, 23872, 23872, 23872, 23872, 23872, 23872, 23872, 23872, 23872, 23872, 23872, 23872, 23872, 23872, 23872, 23872, 23872, 23872, 23872, 23872, 23872, 23872, 23872, 23872, 23872, 23872, 23872, 23872, 23872, 23872, 23872, 23872, 23872]","[61156, 61156, 61156, 61156, 61156, 61156, 61156, 61156, 61156, 61156, 61156, 61156, 61156, 61156, 61156, 61156, 61156, 61156, 61156, 61156, 61156, 61156, 61156, 61156, 61156, 61156, 61156, 61156, 61156, 61156, 61156, 61156, 61156, 61156, 61156, 61156, 61156, 61156, 61156, 61156, 61156, 61156, 61156, 61156, 61156, 61156, 61156]",1.0,0.74032235145568848
move,walk,"['wn', 'wn', 'wn', 'wn', 'wn', 'wn', 'wn', 'wn', 'wn', 'wn', 'wn', 'wn', 'wn', 'wn', 'wn', 'wn', 'wn', 'wn', 'wn', 'wn', 'wn', 'wn', 'wn', 'wn', 'wn', 'wn', 'wn', 'wn', 'wn', 'wn', 'wn', 'wn', 'wn', 'wn', 'wn', 'wn', 'wn', 'wn', 'wn', 'wn', 'wn', 'wn', 'wn', 'wn', 'wn', 'wn', 'wn', 'wn', 'wn', 'wn', 'wn', 'wn', 'wn', 'wn', 'wn', 'wn', 'wn', 'wn', 'wn', 'wn', 'wn', 'wn', 'wn', 'wn', 'wn', 'wn', 'wn', 'wn', 'wn', 'wn', 'wn', 'wn', 'wn', 'wn', 'wn', 'wn', 'wn', 'wn', 'wn', 'wn', 'wn', 'wn', 'wn', 'wn', 'wn', 'wn', 'wn', 'wn', 'wn', 'wn', 'wn', 'wn', 'wn', 'wn', 'wn', 'wn', 'wn', 'wn', 'wn', 'wn', 'wn', 'wn', 'wn', 'wn', 'wn', 'wn', 'wn', 'wn', 'wn', 'wn', 'wn', 'wn', 'wn', 'wn', 'wn', 'wn', 'wn', 'wn', 'wn', 'wn']","[5, 5, 5, 5, 5, 5, 5, 5, 5, 5, 5, 5, 5, 5, 5, 5, 5, 5, 5, 5, 5, 5, 5, 5, 5, 5, 5, 5, 5, 5, 5, 5, 5, 5, 5, 5, 5, 5, 5, 5, 5, 5, 5, 5, 5, 5, 5, 5, 5, 5, 5, 5, 5, 5, 5, 5, 5, 5, 5, 5, 5, 5, 5, 5, 5, 5, 5, 5, 5, 5, 5, 5, 5, 5, 5, 5, 5, 5, 5, 5, 5, 5, 5, 5, 5, 5, 5, 5, 5, 5, 5, 5, 5, 5, 5, 5, 5, 5, 5, 5, 5, 5, 5, 5, 5, 5, 5, 5, 5, 5, 5, 5, 5, 5, 5, 5, 5, 5, 5, 5]","[184, 184, 184, 184, 0, 0, 0, 0, 184, 184, 184, 184, 0, 0, 0, 0, 184, 184, 184, 184, 0, 0, 0, 0, 184, 184, 184, 184, 0, 0, 0, 0, 184, 184, 184, 184, 0, 0, 0, 0, 184, 184, 184, 184, 0, 0, 0, 0, 184, 184, 184, 184, 0, 0, 0, 0, 184, 184, 184, 184, 0, 0, 0, 0, 184, 184, 184, 184, 0, 0, 0, 0, 184, 184, 184, 184, 0, 0, 0, 0, 184, 184, 184, 184, 0, 0, 0, 0, 184, 184, 184, 184, 0, 0, 0, 0, 184, 184, 184, 184, 0, 0, 0, 0, 184, 184, 184, 184, 0, 0, 0, 0, 184, 184, 184, 184, 0, 0, 0, 0]","[23872, 23872, 23872, 23872, 23872, 23872, 23872, 23872, 23872, 23872, 23872, 23872, 23872, 23872, 23872, 23872, 23872, 23872, 23872, 23872, 23872, 23872, 23872, 23872, 23872, 23872, 23872, 23872, 23872, 23872, 23872, 23872, 23872, 23872, 23872, 23872, 23872, 23872, 23872, 23872, 23872, 23872, 23872, 23872, 23872, 23872, 23872, 23872, 23872, 23872, 23872, 23872, 23872, 23872, 23872, 23872, 23872, 23872, 23872, 23872, 23872, 23872, 23872, 23872, 23872, 23872, 23872, 23872, 23872, 23872, 23872, 23872, 23872, 23872, 23872, 23872, 23872, 23872, 23872, 23872, 23872, 23872, 23872, 23872, 23872, 23872, 23872, 23872, 23872, 23872, 23872, 23872, 23872, 23872, 23872, 23872, 23872, 23872, 23872, 23872, 23872, 23872, 23872, 23872, 23872, 23872, 23872, 23872, 23872, 23872, 23872, 23872, 23872, 23872, 23872, 23872, 23872, 23872, 23872, 23872]","[61156, 61156, 61156, 61156, 61156, 61156, 61156, 61156, 61156, 61156, 61156, 61156, 61156, 61156, 61156, 61156, 61156, 61156, 61156, 61156, 61156, 61156, 61156, 61156, 61156, 61156, 61156, 61156, 61156, 61156, 61156, 61156, 61156, 61156, 61156, 61156, 61156, 61156, 61156, 61156, 61156, 61156, 61156, 61156, 61156, 61156, 61156, 61156, 61156, 61156, 61156, 61156, 61156, 61156, 61156, 61156, 61156, 61156, 61156, 61156, 61156, 61156, 61156, 61156, 61156, 61156, 61156, 61156, 61156, 61156, 61156, 61156, 61156, 61156, 61156, 61156, 61156, 61156, 61156, 61156, 61156, 61156, 61156, 61156, 61156, 61156, 61156, 61156, 61156, 61156, 61156, 61156, 61156, 61156, 61156, 61156, 61156, 61156, 61156, 61156, 61156, 61156, 61156, 61156, 61156, 61156, 61156, 61156, 61156, 61156, 61156, 61156, 61156, 61156, 61156, 61156, 61156, 61156, 61156, 61156]",0.625,0.68009290099143982
move,run,"['wn', 'wn', 'wn', 'wn', 'wn', 'wn', 'wn', 'wn', 'wn', 'wn', 'wn', 'wn', 'wn', 'wn', 'wn', 'wn', 'wn', 'wn', 'wn', 'wn', 'wn', 'wn', 'wn', 'wn', 'wn', 'wn', 'wn', 'wn', 'wn', 'wn']","[5, 5, 5, 5, 5, 5, 5, 5, 5, 5, 5, 5, 5, 5, 5, 5, 5, 5, 5, 5, 5, 5, 5, 5, 5, 5, 5, 5, 5, 5]","[4, 0, 4, 0, 4, 0, 4, 0, 4, 0, 4, 0, 4, 0, 4, 0, 4, 0, 4, 0, 4, 0, 4, 0, 4, 0, 4, 0, 4, 0]","[23872, 23872, 23872, 23872, 23872, 23872, 23872, 23872, 23872, 23872, 23872, 23872, 23872, 23872, 23872, 23872, 23872, 23872, 23872, 23872, 23872, 23872, 23872, 23872, 23872, 23872, 23872, 23872, 23872, 23872]","[61156, 61156, 61156, 61156, 61156, 61156, 61156, 61156, 61156, 61156, 61156, 61156, 61156, 61156, 61156, 61156, 61156, 61156, 61156, 61156, 61156, 61156, 61156, 61156, 61156, 61156, 61156, 61156, 61156, 61156]",0.034482758620689655,0.67876076698303223
move,progress,"['wn', 'wn', 'wn', 'wn', 'wn', 'wn', 'wn', 'wn', 'wn', 'wn', 'wn', 'wn', 'wn', 'wn', 'wn', 'wn', 'wn', 'wn', 'wn', 'wn', 'wn', 'wn', 'wn', 'wn', 'wn', 'wn', 'wn', 'wn', 'wn', 'wn']","[5, 5, 5, 5, 5, 5, 5, 5, 5, 5, 5, 5, 5, 5, 5, 5, 5, 5, 5, 5, 5, 5, 5, 5, 5, 5, 5, 5, 5, 5]","[3, 3, 3, 3, 3, 3, 3, 3, 3, 3, 3, 3, 3, 3, 3, 3, 3, 3, 3, 3, 3, 3, 3, 3, 3, 3, 3, 3, 3, 3]","[23872, 23872, 23872, 23872, 23872, 23872, 23872, 23872, 23872, 23872, 23872, 23872, 23872, 23872, 23872, 23872, 23872, 23872, 23872, 23872, 23872, 23872, 23872, 23872, 23872, 23872, 23872, 23872, 23872, 23872]","[61156, 61156, 61156, 61156, 61156, 61156, 61156, 61156, 61156, 61156, 61156, 61156, 61156, 61156, 61156, 61156, 61156, 61156, 61156, 61156, 61156, 61156, 61156, 61156, 61156, 61156, 61156, 61156, 61156, 61156]",0.3142857142857143,0.70310693979263306
move,fall,"['wn', 'wn', 'wn', 'wn', 'wn', 'wn', 'wn', 'wn', 'wn', 'wn', 'wn', 'wn', 'wn', 'wn', 'wn', 'wn', 'wn', 'wn', 'wn', 'wn', 'wn', 'wn', 'wn', 'wn', 'wn', 'wn', 'wn', 'wn', 'wn', 'wn', 'wn', 'wn', 'wn', 'wn', 'wn', 'wn', 'wn', 'wn', 'wn', 'wn', 'wn', 'wn', 'wn', 'wn', 'wn']","[5, 5, 5, 5, 5, 5, 5, 5, 5, 5, 5, 5, 5, 5, 5, 5, 5, 5, 5, 5, 5, 5, 5, 5, 5, 5, 5, 5, 5, 5, 5, 5, 5, 5, 5, 5, 5, 5, 5, 5, 5, 5, 5, 5, 5]","[21, 43, 43, 21, 43, 43, 21, 43, 43, 21, 43, 43, 21, 43, 43, 21, 43, 43, 21, 43, 43, 21, 43, 43, 21, 43, 43, 21, 43, 43, 21, 43, 43, 21, 43, 43, 21, 43, 43, 21, 43, 43, 21, 43, 43]","[23872, 23872, 23872, 23872, 23872, 23872, 23872, 23872, 23872, 23872, 23872, 23872, 23872, 23872, 23872, 23872, 23872, 23872, 23872, 23872, 23872, 23872, 23872, 23872, 23872, 23872, 23872, 23872, 23872, 23872, 23872, 23872, 23872, 23872, 23872, 23872, 23872, 23872, 23872, 23872, 23872, 23872, 23872, 23872, 23872]","[61156, 61156, 61156, 61156, 61156, 61156, 61156, 61156, 61156, 61156, 61156, 61156, 61156, 61156, 61156, 61156, 61156, 61156, 61156, 61156, 61156, 61156, 61156, 61156, 61156, 61156, 61156, 61156, 61156, 61156, 61156, 61156, 61156, 61156, 61156, 61156, 61156, 61156, 61156, 61156, 61156, 61156, 61156, 61156, 61156]",0.1724137931034483,0.71422222256660461
move,roll,"['wn', 'wn', 'wn', 'wn', 'wn', 'wn', 'wn', 'wn', 'wn', 'wn', 'wn', 'wn', 'wn', 'wn', 'wn']","[5, 5, 5, 5, 5, 5, 5, 5, 5, 5, 5, 5, 5, 5, 5]","[10, 10, 10, 10, 10, 10, 10, 10, 10, 10, 10, 10, 10, 10, 10]","[23872, 23872, 23872, 23872, 23872, 23872, 23872, 23872, 23872, 23872, 23872, 23872, 23872, 23872, 23872]","[61156, 61156, 61156, 61156, 61156, 61156, 61156, 61156, 61156, 61156, 61156, 61156, 61156, 61156, 61156]",0.4,0.68933893378609024
move,movement,"['wn', 'wn']","[5, 5]","[110, 110]","[23872, 23872]","[61156, 61156]",0.4545454545454546,0.72980326414108276
move,fly,"['wn', 'wn', 'wn', 'wn', 'wn', 'wn', 'wn', 'wn', 'wn', 'wn', 'wn', 'wn', 'wn', 'wn', 'wn']","[5, 5, 5, 5, 5, 5, 5, 5, 5, 5, 5, 5, 5, 5, 5]","[33, 33, 33, 33, 33, 33, 33, 33, 33, 33, 33, 33, 33, 33, 33]","[23872, 23872, 23872, 23872, 23872, 23872, 23872, 23872, 23872, 23872, 23872, 23872, 23872, 23872, 23872]","[61156, 61156, 61156, 61156, 61156, 61156, 61156, 61156, 61156, 61156, 61156, 61156, 61156, 61156, 61156]",0.75,0.73013067245483398
move,play,"['wn', 'wn', 'wn', 'wn', 'wn', 'wn', 'wn', 'wn', 'wn', 'wn', 'wn', 'wn', 'wn', 'wn', 'wn']","[5, 5, 5, 5, 5, 5, 5, 5, 5, 5, 5, 5, 5, 5, 5]","[5, 5, 5, 5, 5, 5, 5, 5, 5, 5, 5, 5, 5, 5, 5]","[23872, 23872, 23872, 23872, 23872, 23872, 23872, 23872, 23872, 23872, 23872, 23872, 23872, 23872, 23872]","[61156, 61156, 61156, 61156, 61156, 61156, 61156, 61156, 61156, 61156, 61156, 61156, 61156, 61156, 61156]",0.0,0.71054366230964661
move,rise,"['wn', 'wn', 'wn', 'wn', 'wn', 'wn', 'wn', 'wn', 'wn', 'wn', 'wn', 'wn', 'wn', 'wn', 'wn', 'wn', 'wn', 'wn', 'wn', 'wn', 'wn', 'wn', 'wn', 'wn', 'wn', 'wn', 'wn', 'wn', 'wn', 'wn']","[5, 5, 5, 5, 5, 5, 5, 5, 5, 5, 5, 5, 5, 5, 5, 5, 5, 5, 5, 5, 5, 5, 5, 5, 5, 5, 5, 5, 5, 5]","[26, 26, 26, 26, 26, 26, 26, 26, 26, 26, 26, 26, 26, 26, 26, 26, 26, 26, 26, 26, 26, 26, 26, 26, 26, 26, 26, 26, 26, 26]","[23872, 23872, 23872, 23872, 23872, 23872, 23872, 23872, 23872, 23872, 23872, 23872, 23872, 23872, 23872, 23872, 23872, 23872, 23872, 23872, 23872, 23872, 23872, 23872, 23872, 23872, 23872, 23872, 23872, 23872]","[61156, 61156, 61156, 61156, 61156, 61156, 61156, 61156, 61156, 61156, 61156, 61156, 61156, 61156, 61156, 61156, 61156, 61156, 61156, 61156, 61156, 61156, 61156, 61156, 61156, 61156, 61156, 61156, 61156, 61156]",0.26666666666666666,0.70399725437164307
move,return,"['wn', 'wn', 'wn', 'wn', 'wn', 'wn', 'wn', 'wn', 'wn', 'wn', 'wn', 'wn', 'wn', 'wn', 'wn', 'wn', 'wn', 'wn', 'wn', 'wn', 'wn', 'wn', 'wn', 'wn', 'wn', 'wn', 'wn', 'wn', 'wn', 'wn']","[5, 5, 5, 5, 5, 5, 5, 5, 5, 5, 5, 5, 5, 5, 5, 5, 5, 5, 5, 5, 5, 5, 5, 5, 5, 5, 5, 5, 5, 5]","[111, 111, 111, 111, 111, 111, 111, 111, 111, 111, 111, 111, 111, 111, 111, 111, 111, 111, 111, 111, 111, 111, 111, 111, 111, 111, 111, 111, 111, 111]","[23872, 23872, 23872, 23872, 23872, 23872, 23872, 23872, 23872, 23872, 23872, 23872, 23872, 23872, 23872, 23872, 23872, 23872, 23872, 23872, 23872, 23872, 23872, 23872, 23872, 23872, 23872, 23872, 23872, 23872]","[61156, 61156, 61156, 61156, 61156, 61156, 61156, 61156, 61156, 61156, 61156, 61156, 61156, 61156, 61156, 61156, 61156, 61156, 61156, 61156, 61156, 61156, 61156, 61156, 61156, 61156, 61156, 61156, 61156, 61156]",0.47058823529411764,0.64149808883666992
move,drifting,"['wn', 'wn', 'wn', 'wn', 'wn', 'wn', 'wn', 'wn', 'wn', 'wn', 'wn', 'wn', 'wn', 'wn', 'wn', 'wn', 'wn', 'wn', 'wn', 'wn', 'wn', 'wn', 'wn', 'wn', 'wn', 'wn', 'wn', 'wn', 'wn', 'wn']","[5, 5, 5, 5, 5, 5, 5, 5, 5, 5, 5, 5, 5, 5, 5, 5, 5, 5, 5, 5, 5, 5, 5, 5, 5, 5, 5, 5, 5, 5]","[3, 3, 3, 3, 3, 3, 3, 3, 3, 3, 3, 3, 3, 3, 3, 3, 3, 3, 3, 3, 3, 3, 3, 3, 3, 3, 3, 3, 3, 3]","[23872, 23872, 23872, 23872, 23872, 23872, 23872, 23872, 23872, 23872, 23872, 23872, 23872, 23872, 23872, 23872, 23872, 23872, 23872, 23872, 23872, 23872, 23872, 23872, 23872, 23872, 23872, 23872, 23872, 23872]","[61156, 61156, 61156, 61156, 61156, 61156, 61156, 61156, 61156, 61156, 61156, 61156, 61156, 61156, 61156, 61156, 61156, 61156, 61156, 61156, 61156, 61156, 61156, 61156, 61156, 61156, 61156, 61156, 61156, 61156]",NA,0.71769675997534277
move,hurrying,"['wn', 'wn', 'wn', 'wn', 'wn', 'wn', 'wn', 'wn', 'wn', 'wn', 'wn', 'wn', 'wn', 'wn', 'wn']","[5, 5, 5, 5, 5, 5, 5, 5, 5, 5, 5, 5, 5, 5, 5]","[30, 30, 30, 30, 30, 30, 30, 30, 30, 30, 30, 30, 30, 30, 30]","[23872, 23872, 23872, 23872, 23872, 23872, 23872, 23872, 23872, 23872, 23872, 23872, 23872, 23872, 23872]","[61156, 61156, 61156, 61156, 61156, 61156, 61156, 61156, 61156, 61156, 61156, 61156, 61156, 61156, 61156]",NA,0.73561522364616394
move,drift,"['wn', 'wn', 'wn', 'wn', 'wn', 'wn', 'wn', 'wn', 'wn', 'wn', 'wn', 'wn', 'wn', 'wn', 'wn', 'wn', 'wn', 'wn', 'wn', 'wn', 'wn', 'wn', 'wn', 'wn', 'wn', 'wn', 'wn', 'wn', 'wn', 'wn']","[5, 5, 5, 5, 5, 5, 5, 5, 5, 5, 5, 5, 5, 5, 5, 5, 5, 5, 5, 5, 5, 5, 5, 5, 5, 5, 5, 5, 5, 5]","[6, 3, 6, 3, 6, 3, 6, 3, 6, 3, 6, 3, 6, 3, 6, 3, 6, 3, 6, 3, 6, 3, 6, 3, 6, 3, 6, 3, 6, 3]","[23872, 23872, 23872, 23872, 23872, 23872, 23872, 23872, 23872, 23872, 23872, 23872, 23872, 23872, 23872, 23872, 23872, 23872, 23872, 23872, 23872, 23872, 23872, 23872, 23872, 23872, 23872, 23872, 23872, 23872]","[61156, 61156, 61156, 61156, 61156, 61156, 61156, 61156, 61156, 61156, 61156, 61156, 61156, 61156, 61156, 61156, 61156, 61156, 61156, 61156, 61156, 61156, 61156, 61156, 61156, 61156, 61156, 61156, 61156, 61156]",1.0,0.61501315236091614
move,transfer,"['wn', 'wn', 'wn', 'wn', 'wn', 'wn', 'wn', 'wn', 'wn', 'wn', 'wn', 'wn', 'wn', 'wn', 'wn']","[5, 5, 5, 5, 5, 5, 5, 5, 5, 5, 5, 5, 5, 5, 5]","[1, 1, 1, 1, 1, 1, 1, 1, 1, 1, 1, 1, 1, 1, 1]","[23872, 23872, 23872, 23872, 23872, 23872, 23872, 23872, 23872, 23872, 23872, 23872, 23872, 23872, 23872]","[61156, 61156, 61156, 61156, 61156, 61156, 61156, 61156, 61156, 61156, 61156, 61156, 61156, 61156, 61156]",0.0,0.57315349578857422
move,swing,"['wn', 'wn', 'wn', 'wn', 'wn', 'wn', 'wn', 'wn', 'wn', 'wn', 'wn', 'wn', 'wn', 'wn', 'wn']","[5, 5, 5, 5, 5, 5, 5, 5, 5, 5, 5, 5, 5, 5, 5]","[6, 6, 6, 6, 6, 6, 6, 6, 6, 6, 6, 6, 6, 6, 6]","[23872, 23872, 23872, 23872, 23872, 23872, 23872, 23872, 23872, 23872, 23872, 23872, 23872, 23872, 23872]","[61156, 61156, 61156, 61156, 61156, 61156, 61156, 61156, 61156, 61156, 61156, 61156, 61156, 61156, 61156]",0.25,0.7471528950747377
move,step,"['wn', 'wn', 'wn', 'wn', 'wn', 'wn', 'wn', 'wn', 'wn', 'wn', 'wn', 'wn', 'wn', 'wn', 'wn', 'wn', 'wn', 'wn', 'wn', 'wn', 'wn', 'wn', 'wn', 'wn', 'wn', 'wn', 'wn', 'wn', 'wn', 'wn', 'wn', 'wn', 'wn', 'wn', 'wn', 'wn', 'wn', 'wn', 'wn', 'wn', 'wn', 'wn', 'wn', 'wn', 'wn', 'wn', 'wn', 'wn', 'wn', 'wn', 'wn', 'wn', 'wn', 'wn', 'wn', 'wn', 'wn', 'wn', 'wn', 'wn', 'wn', 'wn', 'wn', 'wn', 'wn', 'wn', 'wn', 'wn', 'wn', 'wn', 'wn', 'wn', 'wn', 'wn', 'wn', 'wn', 'wn', 'wn', 'wn', 'wn', 'wn', 'wn', 'wn', 'wn', 'wn', 'wn', 'wn', 'wn', 'wn', 'wn', 'wn', 'wn', 'wn', 'wn', 'wn', 'wn', 'wn', 'wn', 'wn', 'wn', 'wn', 'wn', 'wn', 'wn', 'wn', 'wn', 'wn', 'wn', 'wn', 'wn', 'wn', 'wn', 'wn', 'wn', 'wn', 'wn', 'wn', 'wn', 'wn', 'wn']","[5, 5, 5, 5, 5, 5, 5, 5, 5, 5, 5, 5, 5, 5, 5, 5, 5, 5, 5, 5, 5, 5, 5, 5, 5, 5, 5, 5, 5, 5, 5, 5, 5, 5, 5, 5, 5, 5, 5, 5, 5, 5, 5, 5, 5, 5, 5, 5, 5, 5, 5, 5, 5, 5, 5, 5, 5, 5, 5, 5, 5, 5, 5, 5, 5, 5, 5, 5, 5, 5, 5, 5, 5, 5, 5, 5, 5, 5, 5, 5, 5, 5, 5, 5, 5, 5, 5, 5, 5, 5, 5, 5, 5, 5, 5, 5, 5, 5, 5, 5, 5, 5, 5, 5, 5, 5, 5, 5, 5, 5, 5, 5, 5, 5, 5, 5, 5, 5, 5, 5]","[23, 23, 23, 7, 7, 7, 0, 0, 23, 23, 23, 7, 7, 7, 0, 0, 23, 23, 23, 7, 7, 7, 0, 0, 23, 23, 23, 7, 7, 7, 0, 0, 23, 23, 23, 7, 7, 7, 0, 0, 23, 23, 23, 7, 7, 7, 0, 0, 23, 23, 23, 7, 7, 7, 0, 0, 23, 23, 23, 7, 7, 7, 0, 0, 23, 23, 23, 7, 7, 7, 0, 0, 23, 23, 23, 7, 7, 7, 0, 0, 23, 23, 23, 7, 7, 7, 0, 0, 23, 23, 23, 7, 7, 7, 0, 0, 23, 23, 23, 7, 7, 7, 0, 0, 23, 23, 23, 7, 7, 7, 0, 0, 23, 23, 23, 7, 7, 7, 0, 0]","[23872, 23872, 23872, 23872, 23872, 23872, 23872, 23872, 23872, 23872, 23872, 23872, 23872, 23872, 23872, 23872, 23872, 23872, 23872, 23872, 23872, 23872, 23872, 23872, 23872, 23872, 23872, 23872, 23872, 23872, 23872, 23872, 23872, 23872, 23872, 23872, 23872, 23872, 23872, 23872, 23872, 23872, 23872, 23872, 23872, 23872, 23872, 23872, 23872, 23872, 23872, 23872, 23872, 23872, 23872, 23872, 23872, 23872, 23872, 23872, 23872, 23872, 23872, 23872, 23872, 23872, 23872, 23872, 23872, 23872, 23872, 23872, 23872, 23872, 23872, 23872, 23872, 23872, 23872, 23872, 23872, 23872, 23872, 23872, 23872, 23872, 23872, 23872, 23872, 23872, 23872, 23872, 23872, 23872, 23872, 23872, 23872, 23872, 23872, 23872, 23872, 23872, 23872, 23872, 23872, 23872, 23872, 23872, 23872, 23872, 23872, 23872, 23872, 23872, 23872, 23872, 23872, 23872, 23872, 23872]","[61156, 61156, 61156, 61156, 61156, 61156, 61156, 61156, 61156, 61156, 61156, 61156, 61156, 61156, 61156, 61156, 61156, 61156, 61156, 61156, 61156, 61156, 61156, 61156, 61156, 61156, 61156, 61156, 61156, 61156, 61156, 61156, 61156, 61156, 61156, 61156, 61156, 61156, 61156, 61156, 61156, 61156, 61156, 61156, 61156, 61156, 61156, 61156, 61156, 61156, 61156, 61156, 61156, 61156, 61156, 61156, 61156, 61156, 61156, 61156, 61156, 61156, 61156, 61156, 61156, 61156, 61156, 61156, 61156, 61156, 61156, 61156, 61156, 61156, 61156, 61156, 61156, 61156, 61156, 61156, 61156, 61156, 61156, 61156, 61156, 61156, 61156, 61156, 61156, 61156, 61156, 61156, 61156, 61156, 61156, 61156, 61156, 61156, 61156, 61156, 61156, 61156, 61156, 61156, 61156, 61156, 61156, 61156, 61156, 61156, 61156, 61156, 61156, 61156, 61156, 61156, 61156, 61156, 61156, 61156]",0.2641509433962264,0.48071062564849854
move,coming,"['wn', 'wn', 'wn', 'wn', 'wn', 'wn', 'wn', 'wn', 'wn', 'wn', 'wn', 'wn', 'wn', 'wn', 'wn']","[5, 5, 5, 5, 5, 5, 5, 5, 5, 5, 5, 5, 5, 5, 5]","[276, 276, 276, 276, 276, 276, 276, 276, 276, 276, 276, 276, 276, 276, 276]","[23872, 23872, 23872, 23872, 23872, 23872, 23872, 23872, 23872, 23872, 23872, 23872, 23872, 23872, 23872]","[61156, 61156, 61156, 61156, 61156, 61156, 61156, 61156, 61156, 61156, 61156, 61156, 61156, 61156, 61156]",0.5,0.596596360206604
move,rolling,"['wn', 'wn', 'wn', 'wn', 'wn', 'wn', 'wn', 'wn', 'wn', 'wn', 'wn', 'wn', 'wn', 'wn', 'wn']","[5, 5, 5, 5, 5, 5, 5, 5, 5, 5, 5, 5, 5, 5, 5]","[10, 10, 10, 10, 10, 10, 10, 10, 10, 10, 10, 10, 10, 10, 10]","[23872, 23872, 23872, 23872, 23872, 23872, 23872, 23872, 23872, 23872, 23872, 23872, 23872, 23872, 23872]","[61156, 61156, 61156, 61156, 61156, 61156, 61156, 61156, 61156, 61156, 61156, 61156, 61156, 61156, 61156]",NA,0.74190163612365723
move,hurry,"['wn', 'wn', 'wn', 'wn', 'wn', 'wn', 'wn', 'wn', 'wn', 'wn', 'wn', 'wn', 'wn', 'wn', 'wn']","[5, 5, 5, 5, 5, 5, 5, 5, 5, 5, 5, 5, 5, 5, 5]","[30, 30, 30, 30, 30, 30, 30, 30, 30, 30, 30, 30, 30, 30, 30]","[23872, 23872, 23872, 23872, 23872, 23872, 23872, 23872, 23872, 23872, 23872, 23872, 23872, 23872, 23872]","[61156, 61156, 61156, 61156, 61156, 61156, 61156, 61156, 61156, 61156, 61156, 61156, 61156, 61156, 61156]",0.1111111111111111,0.70187836885452271
move,crawl,"['wn', 'wn', 'wn', 'wn', 'wn', 'wn', 'wn', 'wn', 'wn', 'wn', 'wn', 'wn', 'wn', 'wn', 'wn', 'wn', 'wn', 'wn', 'wn', 'wn', 'wn', 'wn', 'wn', 'wn', 'wn', 'wn', 'wn', 'wn', 'wn', 'wn']","[5, 5, 5, 5, 5, 5, 5, 5, 5, 5, 5, 5, 5, 5, 5, 5, 5, 5, 5, 5, 5, 5, 5, 5, 5, 5, 5, 5, 5, 5]","[32, 32, 32, 32, 32, 32, 32, 32, 32, 32, 32, 32, 32, 32, 32, 32, 32, 32, 32, 32, 32, 32, 32, 32, 32, 32, 32, 32, 32, 32]","[23872, 23872, 23872, 23872, 23872, 23872, 23872, 23872, 23872, 23872, 23872, 23872, 23872, 23872, 23872, 23872, 23872, 23872, 23872, 23872, 23872, 23872, 23872, 23872, 23872, 23872, 23872, 23872, 23872, 23872]","[61156, 61156, 61156, 61156, 61156, 61156, 61156, 61156, 61156, 61156, 61156, 61156, 61156, 61156, 61156, 61156, 61156, 61156, 61156, 61156, 61156, 61156, 61156, 61156, 61156, 61156, 61156, 61156, 61156, 61156]",1.0,0.72566288709640503
move,retreat,"['wn', 'wn', 'wn', 'wn', 'wn', 'wn', 'wn', 'wn', 'wn', 'wn', 'wn', 'wn', 'wn', 'wn', 'wn', 'wn', 'wn', 'wn', 'wn', 'wn', 'wn', 'wn', 'wn', 'wn', 'wn', 'wn', 'wn', 'wn', 'wn', 'wn']","[5, 5, 5, 5, 5, 5, 5, 5, 5, 5, 5, 5, 5, 5, 5, 5, 5, 5, 5, 5, 5, 5, 5, 5, 5, 5, 5, 5, 5, 5]","[0, 0, 0, 0, 0, 0, 0, 0, 0, 0, 0, 0, 0, 0, 0, 0, 0, 0, 0, 0, 0, 0, 0, 0, 0, 0, 0, 0, 0, 0]","[23872, 23872, 23872, 23872, 23872, 23872, 23872, 23872, 23872, 23872, 23872, 23872, 23872, 23872, 23872, 23872, 23872, 23872, 23872, 23872, 23872, 23872, 23872, 23872, 23872, 23872, 23872, 23872, 23872, 23872]","[61156, 61156, 61156, 61156, 61156, 61156, 61156, 61156, 61156, 61156, 61156, 61156, 61156, 61156, 61156, 61156, 61156, 61156, 61156, 61156, 61156, 61156, 61156, 61156, 61156, 61156, 61156, 61156, 61156, 61156]",0.0,0.67731183767318726
move,advance,"['wn', 'wn', 'wn', 'wn', 'wn', 'wn', 'wn', 'wn', 'wn', 'wn', 'wn', 'wn', 'wn', 'wn', 'wn', 'wn', 'wn', 'wn', 'wn', 'wn', 'wn', 'wn', 'wn', 'wn', 'wn', 'wn', 'wn', 'wn', 'wn', 'wn']","[5, 5, 5, 5, 5, 5, 5, 5, 5, 5, 5, 5, 5, 5, 5, 5, 5, 5, 5, 5, 5, 5, 5, 5, 5, 5, 5, 5, 5, 5]","[7, 7, 7, 7, 7, 7, 7, 7, 7, 7, 7, 7, 7, 7, 7, 7, 7, 7, 7, 7, 7, 7, 7, 7, 7, 7, 7, 7, 7, 7]","[23872, 23872, 23872, 23872, 23872, 23872, 23872, 23872, 23872, 23872, 23872, 23872, 23872, 23872, 23872, 23872, 23872, 23872, 23872, 23872, 23872, 23872, 23872, 23872, 23872, 23872, 23872, 23872, 23872, 23872]","[61156, 61156, 61156, 61156, 61156, 61156, 61156, 61156, 61156, 61156, 61156, 61156, 61156, 61156, 61156, 61156, 61156, 61156, 61156, 61156, 61156, 61156, 61156, 61156, 61156, 61156, 61156, 61156, 61156, 61156]",0.5333333333333333,0.7409188449382782
move,rush,"['wn', 'wn', 'wn', 'wn', 'wn', 'wn', 'wn', 'wn', 'wn', 'wn', 'wn', 'wn', 'wn', 'wn', 'wn']","[5, 5, 5, 5, 5, 5, 5, 5, 5, 5, 5, 5, 5, 5, 5]","[20, 20, 20, 20, 20, 20, 20, 20, 20, 20, 20, 20, 20, 20, 20]","[23872, 23872, 23872, 23872, 23872, 23872, 23872, 23872, 23872, 23872, 23872, 23872, 23872, 23872, 23872]","[61156, 61156, 61156, 61156, 61156, 61156, 61156, 61156, 61156, 61156, 61156, 61156, 61156, 61156, 61156]",0.8,0.70969861745834351
move,meander,"['wn', 'wn', 'wn', 'wn', 'wn', 'wn', 'wn', 'wn', 'wn', 'wn', 'wn', 'wn', 'wn', 'wn', 'wn', 'wn', 'wn', 'wn', 'wn', 'wn', 'wn', 'wn', 'wn', 'wn', 'wn', 'wn', 'wn', 'wn', 'wn', 'wn']","[5, 5, 5, 5, 5, 5, 5, 5, 5, 5, 5, 5, 5, 5, 5, 5, 5, 5, 5, 5, 5, 5, 5, 5, 5, 5, 5, 5, 5, 5]","[1, 1, 1, 1, 1, 1, 1, 1, 1, 1, 1, 1, 1, 1, 1, 1, 1, 1, 1, 1, 1, 1, 1, 1, 1, 1, 1, 1, 1, 1]","[23872, 23872, 23872, 23872, 23872, 23872, 23872, 23872, 23872, 23872, 23872, 23872, 23872, 23872, 23872, 23872, 23872, 23872, 23872, 23872, 23872, 23872, 23872, 23872, 23872, 23872, 23872, 23872, 23872, 23872]","[61156, 61156, 61156, 61156, 61156, 61156, 61156, 61156, 61156, 61156, 61156, 61156, 61156, 61156, 61156, 61156, 61156, 61156, 61156, 61156, 61156, 61156, 61156, 61156, 61156, 61156, 61156, 61156, 61156, 61156]",NA,0.70595556497573853
move,drive,"['wn', 'wn', 'wn', 'wn', 'wn', 'wn', 'wn', 'wn', 'wn', 'wn', 'wn', 'wn', 'wn', 'wn', 'wn', 'wn', 'wn', 'wn', 'wn', 'wn', 'wn', 'wn', 'wn', 'wn', 'wn', 'wn', 'wn', 'wn', 'wn', 'wn', 'wn', 'wn', 'wn', 'wn', 'wn', 'wn', 'wn', 'wn', 'wn', 'wn', 'wn', 'wn', 'wn', 'wn', 'wn', 'wn', 'wn', 'wn', 'wn', 'wn', 'wn', 'wn', 'wn', 'wn', 'wn', 'wn', 'wn', 'wn', 'wn', 'wn', 'wn', 'wn', 'wn', 'wn', 'wn', 'wn', 'wn', 'wn', 'wn', 'wn', 'wn', 'wn', 'wn', 'wn', 'wn', 'wn', 'wn', 'wn', 'wn', 'wn', 'wn', 'wn', 'wn', 'wn', 'wn', 'wn', 'wn', 'wn', 'wn', 'wn']","[5, 5, 5, 5, 5, 5, 5, 5, 5, 5, 5, 5, 5, 5, 5, 5, 5, 5, 5, 5, 5, 5, 5, 5, 5, 5, 5, 5, 5, 5, 5, 5, 5, 5, 5, 5, 5, 5, 5, 5, 5, 5, 5, 5, 5, 5, 5, 5, 5, 5, 5, 5, 5, 5, 5, 5, 5, 5, 5, 5, 5, 5, 5, 5, 5, 5, 5, 5, 5, 5, 5, 5, 5, 5, 5, 5, 5, 5, 5, 5, 5, 5, 5, 5, 5, 5, 5, 5, 5, 5]","[24, 24, 24, 0, 0, 0, 24, 24, 24, 0, 0, 0, 24, 24, 24, 0, 0, 0, 24, 24, 24, 0, 0, 0, 24, 24, 24, 0, 0, 0, 24, 24, 24, 0, 0, 0, 24, 24, 24, 0, 0, 0, 24, 24, 24, 0, 0, 0, 24, 24, 24, 0, 0, 0, 24, 24, 24, 0, 0, 0, 24, 24, 24, 0, 0, 0, 24, 24, 24, 0, 0, 0, 24, 24, 24, 0, 0, 0, 24, 24, 24, 0, 0, 0, 24, 24, 24, 0, 0, 0]","[23872, 23872, 23872, 23872, 23872, 23872, 23872, 23872, 23872, 23872, 23872, 23872, 23872, 23872, 23872, 23872, 23872, 23872, 23872, 23872, 23872, 23872, 23872, 23872, 23872, 23872, 23872, 23872, 23872, 23872, 23872, 23872, 23872, 23872, 23872, 23872, 23872, 23872, 23872, 23872, 23872, 23872, 23872, 23872, 23872, 23872, 23872, 23872, 23872, 23872, 23872, 23872, 23872, 23872, 23872, 23872, 23872, 23872, 23872, 23872, 23872, 23872, 23872, 23872, 23872, 23872, 23872, 23872, 23872, 23872, 23872, 23872, 23872, 23872, 23872, 23872, 23872, 23872, 23872, 23872, 23872, 23872, 23872, 23872, 23872, 23872, 23872, 23872, 23872, 23872]","[61156, 61156, 61156, 61156, 61156, 61156, 61156, 61156, 61156, 61156, 61156, 61156, 61156, 61156, 61156, 61156, 61156, 61156, 61156, 61156, 61156, 61156, 61156, 61156, 61156, 61156, 61156, 61156, 61156, 61156, 61156, 61156, 61156, 61156, 61156, 61156, 61156, 61156, 61156, 61156, 61156, 61156, 61156, 61156, 61156, 61156, 61156, 61156, 61156, 61156, 61156, 61156, 61156, 61156, 61156, 61156, 61156, 61156, 61156, 61156, 61156, 61156, 61156, 61156, 61156, 61156, 61156, 61156, 61156, 61156, 61156, 61156, 61156, 61156, 61156, 61156, 61156, 61156, 61156, 61156, 61156, 61156, 61156, 61156, 61156, 61156, 61156, 61156, 61156, 61156]",0.25,0.67550189349066581
move,scramble,"['wn', 'wn', 'wn', 'wn', 'wn', 'wn', 'wn', 'wn', 'wn', 'wn', 'wn', 'wn', 'wn', 'wn', 'wn']","[5, 5, 5, 5, 5, 5, 5, 5, 5, 5, 5, 5, 5, 5, 5]","[9, 9, 9, 9, 9, 9, 9, 9, 9, 9, 9, 9, 9, 9, 9]","[23872, 23872, 23872, 23872, 23872, 23872, 23872, 23872, 23872, 23872, 23872, 23872, 23872, 23872, 23872]","[61156, 61156, 61156, 61156, 61156, 61156, 61156, 61156, 61156, 61156, 61156, 61156, 61156, 61156, 61156]",0.0,0.73760286121334295
move,motion,['wn'],[5],[110],[23872],[61156],0.04,0.73395681381225586
move,turn,"['wn', 'wn', 'wn', 'wn', 'wn', 'wn', 'wn', 'wn', 'wn', 'wn', 'wn', 'wn', 'wn', 'wn', 'wn']","[5, 5, 5, 5, 5, 5, 5, 5, 5, 5, 5, 5, 5, 5, 5]","[5, 5, 5, 5, 5, 5, 5, 5, 5, 5, 5, 5, 5, 5, 5]","[23872, 23872, 23872, 23872, 23872, 23872, 23872, 23872, 23872, 23872, 23872, 23872, 23872, 23872, 23872]","[61156, 61156, 61156, 61156, 61156, 61156, 61156, 61156, 61156, 61156, 61156, 61156, 61156, 61156, 61156]",0.0,0.53417360782623291
move,lift,"['wn', 'wn', 'wn', 'wn', 'wn', 'wn', 'wn', 'wn', 'wn', 'wn', 'wn', 'wn', 'wn', 'wn', 'wn']","[5, 5, 5, 5, 5, 5, 5, 5, 5, 5, 5, 5, 5, 5, 5]","[2, 2, 2, 2, 2, 2, 2, 2, 2, 2, 2, 2, 2, 2, 2]","[23872, 23872, 23872, 23872, 23872, 23872, 23872, 23872, 23872, 23872, 23872, 23872, 23872, 23872, 23872]","[61156, 61156, 61156, 61156, 61156, 61156, 61156, 61156, 61156, 61156, 61156, 61156, 61156, 61156, 61156]",0.0,0.69359890780442401
move,push,"['wn', 'wn', 'wn', 'wn', 'wn', 'wn', 'wn', 'wn', 'wn', 'wn', 'wn', 'wn', 'wn', 'wn', 'wn']","[5, 5, 5, 5, 5, 5, 5, 5, 5, 5, 5, 5, 5, 5, 5]","[0, 0, 0, 0, 0, 0, 0, 0, 0, 0, 0, 0, 0, 0, 0]","[23872, 23872, 23872, 23872, 23872, 23872, 23872, 23872, 23872, 23872, 23872, 23872, 23872, 23872, 23872]","[61156, 61156, 61156, 61156, 61156, 61156, 61156, 61156, 61156, 61156, 61156, 61156, 61156, 61156, 61156]",0.8,0.42671537399291992
move,creeping,"['wn', 'wn', 'wn', 'wn', 'wn', 'wn', 'wn', 'wn', 'wn', 'wn', 'wn', 'wn', 'wn', 'wn', 'wn']","[5, 5, 5, 5, 5, 5, 5, 5, 5, 5, 5, 5, 5, 5, 5]","[11, 11, 11, 11, 11, 11, 11, 11, 11, 11, 11, 11, 11, 11, 11]","[23872, 23872, 23872, 23872, 23872, 23872, 23872, 23872, 23872, 23872, 23872, 23872, 23872, 23872, 23872]","[61156, 61156, 61156, 61156, 61156, 61156, 61156, 61156, 61156, 61156, 61156, 61156, 61156, 61156, 61156]",NA,0.68907856941223145
hearing,quo_warranto,"['wn', 'wn', 'wn', 'wn', 'wn', 'wn', 'wn', 'wn', 'wn', 'wn', 'wn', 'wn', 'wn', 'wn']","[0, 0, 0, 0, 0, 0, 0, 0, 0, 0, 0, 0, 0, 0]","[0, 0, 0, 0, 0, 0, 0, 0, 0, 0, 0, 0, 0, 0]","[10, 10, 10, 10, 10, 10, 10, 10, 10, 10, 10, 10, 10, 10]","[79, 79, 79, 79, 79, 79, 79, 79, 79, 79, 79, 79, 79, 79]",NA,0.71045321226119995
hearing,hearing,"['wn', 'wn']","[0, 8]","[10, 12]","[10, 12]","[79, 957]",0.5263157894736842,-1.1920928955078125e-07
indict,indictment,"['wn', 'wn']","[0, 0]","[2, 2]","[2, 2]","[3, 3]",1.0,0.55657076835632324
close,closer,['wn'],[5],[18],[34],[411],NA,0.48533088143695813
close,close,['wn'],[5],[18],[34],[411],1.0,1.1920927533992653e-07
close,closing,['wn'],[5],[18],[34],[411],0.0,0.45208973263624519
close,closure,['wn'],[5],[18],[34],[411],0.0,0.64896442598316262
fine,fine,"['wn', 'wn']","[0, 1]","[0, 0]","[0, 0]","[166, 197]",NA,3.5527136788005009e-15
quit,retirement,"['wn', 'wn', 'wn', 'wn', 'wn', 'wn', 'wn', 'wn', 'wn', 'wn', 'wn', 'wn', 'wn', 'wn', 'wn', 'wn', 'wn', 'wn', 'wn', 'wn', 'wn', 'wn', 'wn', 'wn', 'wn', 'wn', 'wn', 'wn', 'wn', 'wn']","[1, 1, 1, 1, 1, 1, 1, 1, 1, 1, 1, 1, 1, 1, 1, 1, 1, 1, 1, 1, 1, 1, 1, 1, 1, 1, 1, 1, 1, 1]","[18, 18, 18, 18, 18, 18, 18, 18, 18, 18, 18, 18, 18, 18, 18, 18, 18, 18, 18, 18, 18, 18, 18, 18, 18, 18, 18, 18, 18, 18]","[497, 497, 497, 497, 497, 497, 497, 497, 497, 497, 497, 497, 497, 497, 497, 497, 497, 497, 497, 497, 497, 497, 497, 497, 497, 497, 497, 497, 497, 497]","[470, 470, 470, 470, 470, 470, 470, 470, 470, 470, 470, 470, 470, 470, 470, 470, 470, 470, 470, 470, 470, 470, 470, 470, 470, 470, 470, 470, 470, 470]",1.0,0.6394925498659938
quit,resignation,"['wn', 'wn', 'wn', 'wn', 'wn', 'wn', 'wn', 'wn', 'wn', 'wn', 'wn', 'wn', 'wn', 'wn', 'wn', 'wn', 'wn']","[1, 1, 1, 1, 1, 1, 1, 1, 1, 1, 1, 1, 1, 1, 1, 1, 1]","[0, 0, 9, 9, 9, 9, 9, 9, 9, 9, 9, 9, 9, 9, 9, 9, 9]","[497, 497, 497, 497, 497, 497, 497, 497, 497, 497, 497, 497, 497, 497, 497, 497, 497]","[470, 470, 470, 470, 470, 470, 470, 470, 470, 470, 470, 470, 470, 470, 470, 470, 470]",0.6666666666666666,0.48696255683898926
sue,litigation,['wn'],[1],[0],[8],[658],1.0,0.62954089817648518
sue,suit,['wn'],[1],[8],[8],[658],0.0,0.53269186810802627
acquit,acquittal,['wn'],[0],[1],[3],[325],NA,0.4282538890838623
acquit,exculpation,['wn'],[0],[0],[3],[325],NA,0.72121167182922363
acquit,exoneration,"['wn', 'wn']","[0, 0]","[1, 1]","[3, 3]","[325, 325]",NA,0.65891227126121521
bankrupt,insolvent,['wn'],[0],[0],[0],[6],NA,0.25901329517364502
bankrupt,bankrupt,['wn'],[0],[0],[0],[6],NA,0.0
extradite,repatriation,"['wn', 'wn', 'wn', 'wn', 'wn', 'wn', 'wn', 'wn', 'wn', 'wn', 'wn', 'wn', 'wn', 'wn', 'wn']","[0, 0, 0, 0, 0, 0, 0, 0, 0, 0, 0, 0, 0, 0, 0]","[0, 0, 0, 0, 0, 0, 0, 0, 0, 0, 0, 0, 0, 0, 0]","[2, 2, 2, 2, 2, 2, 2, 2, 2, 2, 2, 2, 2, 2, 2]","[73, 73, 73, 73, 73, 73, 73, 73, 73, 73, 73, 73, 73, 73, 73]",NA,0.67606673694054709
extradite,deportee,['wn'],[0],[0],[2],[73],1.0,0.65642536618860758
extradite,extradition,['wn'],[0],[0],[2],[73],NA,0.18438453581240988
extradite,repatriate,"['wn', 'wn', 'wn', 'wn', 'wn', 'wn', 'wn', 'wn', 'wn', 'wn', 'wn', 'wn', 'wn', 'wn', 'wn']","[0, 0, 0, 0, 0, 0, 0, 0, 0, 0, 0, 0, 0, 0, 0]","[0, 0, 0, 0, 0, 0, 0, 0, 0, 0, 0, 0, 0, 0, 0]","[2, 2, 2, 2, 2, 2, 2, 2, 2, 2, 2, 2, 2, 2, 2]","[73, 73, 73, 73, 73, 73, 73, 73, 73, 73, 73, 73, 73, 73, 73]",NA,0.55160847613862019
divorce,divorce,"['wn', 'wn']","[0, 2]","[8, 2]","[8, 2]","[30, 39]",1.0,0.0
divorce,divorcee,['wn'],[2],[2],[2],[39],NA,0.53030061721801758
arrest,apprehension,"['wn', 'wn']","[0, 2]","[0, 1]","[5, 28]","[96, 176]",0.0,0.58609852194786072
arrest,arrest,"['wn', 'wn']","[0, 2]","[5, 20]","[5, 28]","[96, 176]",1.0,-1.1920928955078125e-07
arrest,catch,['wn'],[0],[0],[5],[96],0.0,0.73610016703605652
arrest,cop,['wn'],[2],[0],[28],[176],1.0,0.73655840754508972
attack,bomber,"['wn', 'wn', 'wn', 'wn', 'wn', 'wn', 'wn', 'wn', 'wn', 'wn', 'wn', 'wn', 'wn', 'wn', 'wn', 'wn', 'wn', 'wn', 'wn', 'wn', 'wn', 'wn', 'wn', 'wn', 'wn', 'wn', 'wn', 'wn']","[9, 9, 9, 9, 9, 9, 9, 9, 9, 9, 9, 9, 9, 9, 9, 9, 9, 9, 9, 9, 9, 9, 9, 9, 9, 9, 9, 9]","[3, 3, 3, 3, 3, 3, 3, 3, 3, 3, 3, 3, 3, 3, 3, 3, 3, 3, 3, 3, 3, 3, 3, 3, 3, 3, 3, 3]","[470, 470, 470, 470, 470, 470, 470, 470, 470, 470, 470, 470, 470, 470, 470, 470, 470, 470, 470, 470, 470, 470, 470, 470, 470, 470, 470, 470]","[1267, 1267, 1267, 1267, 1267, 1267, 1267, 1267, 1267, 1267, 1267, 1267, 1267, 1267, 1267, 1267, 1267, 1267, 1267, 1267, 1267, 1267, 1267, 1267, 1267, 1267, 1267, 1267]",1.0,0.67113677607336331
attack,bomb,"['wn', 'wn', 'wn', 'wn', 'wn', 'wn', 'wn', 'wn', 'wn', 'wn', 'wn', 'wn', 'wn', 'wn']","[9, 9, 9, 9, 9, 9, 9, 9, 9, 9, 9, 9, 9, 9]","[3, 3, 3, 3, 3, 3, 3, 3, 3, 3, 3, 3, 3, 3]","[470, 470, 470, 470, 470, 470, 470, 470, 470, 470, 470, 470, 470, 470]","[1267, 1267, 1267, 1267, 1267, 1267, 1267, 1267, 1267, 1267, 1267, 1267, 1267, 1267]",0.8888888888888888,0.59156735639961289
attack,raid,"['wn', 'wn', 'wn', 'wn', 'wn', 'wn', 'wn', 'wn', 'wn', 'wn', 'wn', 'wn', 'wn', 'wn']","[9, 9, 9, 9, 9, 9, 9, 9, 9, 9, 9, 9, 9, 9]","[2, 2, 2, 2, 2, 2, 2, 2, 2, 2, 2, 2, 2, 2]","[470, 470, 470, 470, 470, 470, 470, 470, 470, 470, 470, 470, 470, 470]","[1267, 1267, 1267, 1267, 1267, 1267, 1267, 1267, 1267, 1267, 1267, 1267, 1267, 1267]",1.0,0.49704667943437464
attack,fire,"['wn', 'wn', 'wn', 'wn', 'wn', 'wn', 'wn', 'wn', 'wn', 'wn', 'wn', 'wn', 'wn', 'wn', 'wn']","[0, 0, 0, 0, 0, 0, 0, 0, 0, 0, 0, 0, 0, 0, 0]","[18, 18, 18, 18, 18, 18, 18, 18, 18, 18, 18, 18, 18, 18, 18]","[786, 786, 786, 786, 786, 786, 786, 786, 786, 786, 786, 786, 786, 786, 786]","[1033, 1033, 1033, 1033, 1033, 1033, 1033, 1033, 1033, 1033, 1033, 1033, 1033, 1033, 1033]",0.23076923076923078,0.72289074113590135
attack,cannonade,"['wn', 'wn', 'wn', 'wn', 'wn', 'wn', 'wn', 'wn', 'wn', 'wn', 'wn', 'wn', 'wn', 'wn']","[9, 9, 9, 9, 9, 9, 9, 9, 9, 9, 9, 9, 9, 9]","[0, 0, 0, 0, 0, 0, 0, 0, 0, 0, 0, 0, 0, 0]","[470, 470, 470, 470, 470, 470, 470, 470, 470, 470, 470, 470, 470, 470]","[1267, 1267, 1267, 1267, 1267, 1267, 1267, 1267, 1267, 1267, 1267, 1267, 1267, 1267]",NA,0.74576494148195493
attack,onslaught,['wn'],[0],[2],[786],[1033],0.5,0.51070377103045339
attack,firing,"['wn', 'wn', 'wn', 'wn', 'wn', 'wn', 'wn', 'wn', 'wn', 'wn', 'wn', 'wn', 'wn', 'wn', 'wn']","[0, 0, 0, 0, 0, 0, 0, 0, 0, 0, 0, 0, 0, 0, 0]","[8, 8, 8, 8, 8, 8, 8, 8, 8, 8, 8, 8, 8, 8, 8]","[786, 786, 786, 786, 786, 786, 786, 786, 786, 786, 786, 786, 786, 786, 786]","[1033, 1033, 1033, 1033, 1033, 1033, 1033, 1033, 1033, 1033, 1033, 1033, 1033, 1033, 1033]",0.5714285714285714,0.66291346174994104
attack,blitz,"['wn', 'wn', 'wn', 'wn', 'wn', 'wn', 'wn', 'wn', 'wn', 'wn', 'wn', 'wn', 'wn', 'wn', 'wn', 'wn', 'wn', 'wn', 'wn', 'wn', 'wn', 'wn', 'wn', 'wn', 'wn', 'wn', 'wn', 'wn', 'wn']","[0, 0, 0, 0, 0, 0, 0, 0, 0, 0, 0, 0, 0, 0, 0, 9, 9, 9, 9, 9, 9, 9, 9, 9, 9, 9, 9, 9, 9]","[0, 0, 0, 0, 0, 0, 0, 0, 0, 0, 0, 0, 0, 0, 0, 0, 0, 0, 0, 0, 0, 0, 0, 0, 0, 0, 0, 0, 0]","[786, 786, 786, 786, 786, 786, 786, 786, 786, 786, 786, 786, 786, 786, 786, 470, 470, 470, 470, 470, 470, 470, 470, 470, 470, 470, 470, 470, 470]","[1033, 1033, 1033, 1033, 1033, 1033, 1033, 1033, 1033, 1033, 1033, 1033, 1033, 1033, 1033, 1267, 1267, 1267, 1267, 1267, 1267, 1267, 1267, 1267, 1267, 1267, 1267, 1267, 1267]",NA,0.68044296736205012
attack,attacker,"['wn', 'wn']","[9, 14]","[22, 0]","[470, 0]","[1267, 160]",1.0,0.59716891084087953
attack,attack,"['wn', 'wn', 'wn']","[0, 9, 14]","[17, 22, 0]","[786, 470, 0]","[1033, 1267, 160]",0.6296296296296297,1.4210854715202004e-14
attack,bombardment,"['wn', 'wn', 'wn', 'wn', 'wn', 'wn', 'wn', 'wn', 'wn', 'wn', 'wn', 'wn', 'wn', 'wn', 'wn', 'wn', 'wn', 'wn', 'wn', 'wn', 'wn', 'wn', 'wn', 'wn', 'wn', 'wn', 'wn', 'wn', 'wn']","[0, 0, 0, 0, 0, 0, 0, 0, 0, 0, 0, 0, 0, 0, 0, 9, 9, 9, 9, 9, 9, 9, 9, 9, 9, 9, 9, 9, 9]","[0, 0, 0, 0, 0, 0, 0, 0, 0, 0, 0, 0, 0, 0, 0, 0, 0, 0, 0, 0, 0, 0, 0, 0, 0, 0, 0, 0, 0]","[786, 786, 786, 786, 786, 786, 786, 786, 786, 786, 786, 786, 786, 786, 786, 470, 470, 470, 470, 470, 470, 470, 470, 470, 470, 470, 470, 470, 470]","[1033, 1033, 1033, 1033, 1033, 1033, 1033, 1033, 1033, 1033, 1033, 1033, 1033, 1033, 1033, 1267, 1267, 1267, 1267, 1267, 1267, 1267, 1267, 1267, 1267, 1267, 1267, 1267, 1267]",NA,0.55640839857954993
attack,blitzkrieg,"['wn', 'wn', 'wn', 'wn', 'wn', 'wn', 'wn', 'wn', 'wn', 'wn', 'wn', 'wn', 'wn', 'wn', 'wn']","[0, 0, 0, 0, 0, 0, 0, 0, 0, 0, 0, 0, 0, 0, 0]","[0, 0, 0, 0, 0, 0, 0, 0, 0, 0, 0, 0, 0, 0, 0]","[786, 786, 786, 786, 786, 786, 786, 786, 786, 786, 786, 786, 786, 786, 786]","[1033, 1033, 1033, 1033, 1033, 1033, 1033, 1033, 1033, 1033, 1033, 1033, 1033, 1033, 1033]",NA,0.63478432479091595
attack,invasion,"['wn', 'wn', 'wn', 'wn', 'wn', 'wn', 'wn', 'wn', 'wn', 'wn', 'wn', 'wn', 'wn', 'wn']","[9, 9, 9, 9, 9, 9, 9, 9, 9, 9, 9, 9, 9, 9]","[7, 7, 7, 7, 7, 7, 7, 7, 7, 7, 7, 7, 7, 7]","[470, 470, 470, 470, 470, 470, 470, 470, 470, 470, 470, 470, 470, 470]","[1267, 1267, 1267, 1267, 1267, 1267, 1267, 1267, 1267, 1267, 1267, 1267, 1267, 1267]",0.75,0.62552075081816305
attack,strike,"['wn', 'wn', 'wn', 'wn', 'wn', 'wn', 'wn', 'wn', 'wn', 'wn', 'wn', 'wn', 'wn', 'wn', 'wn', 'wn', 'wn', 'wn', 'wn', 'wn', 'wn', 'wn', 'wn', 'wn', 'wn', 'wn', 'wn', 'wn', 'wn', 'wn', 'wn', 'wn', 'wn', 'wn', 'wn', 'wn', 'wn', 'wn', 'wn', 'wn', 'wn', 'wn', 'wn']","[0, 0, 0, 0, 0, 0, 0, 0, 0, 0, 0, 0, 0, 0, 0, 9, 9, 9, 9, 9, 9, 9, 9, 9, 9, 9, 9, 9, 9, 9, 9, 9, 9, 9, 9, 9, 9, 9, 9, 9, 9, 9, 9]","[2, 2, 2, 2, 2, 2, 2, 2, 2, 2, 2, 2, 2, 2, 2, 7, 7, 7, 7, 7, 7, 7, 7, 7, 7, 7, 7, 7, 7, 7, 7, 7, 7, 7, 7, 7, 7, 7, 7, 7, 7, 7, 7]","[786, 786, 786, 786, 786, 786, 786, 786, 786, 786, 786, 786, 786, 786, 786, 470, 470, 470, 470, 470, 470, 470, 470, 470, 470, 470, 470, 470, 470, 470, 470, 470, 470, 470, 470, 470, 470, 470, 470, 470, 470, 470, 470]","[1033, 1033, 1033, 1033, 1033, 1033, 1033, 1033, 1033, 1033, 1033, 1033, 1033, 1033, 1033, 1267, 1267, 1267, 1267, 1267, 1267, 1267, 1267, 1267, 1267, 1267, 1267, 1267, 1267, 1267, 1267, 1267, 1267, 1267, 1267, 1267, 1267, 1267, 1267, 1267, 1267, 1267, 1267]",0.2222222222222222,0.58337031801100747
attack,torpedo,"['wn', 'wn', 'wn', 'wn', 'wn', 'wn', 'wn', 'wn', 'wn', 'wn', 'wn', 'wn', 'wn', 'wn']","[9, 9, 9, 9, 9, 9, 9, 9, 9, 9, 9, 9, 9, 9]","[0, 0, 0, 0, 0, 0, 0, 0, 0, 0, 0, 0, 0, 0]","[470, 470, 470, 470, 470, 470, 470, 470, 470, 470, 470, 470, 470, 470]","[1267, 1267, 1267, 1267, 1267, 1267, 1267, 1267, 1267, 1267, 1267, 1267, 1267, 1267]",NA,0.70750472456160485
attack,incursion,"['wn', 'wn', 'wn', 'wn', 'wn', 'wn', 'wn', 'wn', 'wn', 'wn', 'wn', 'wn', 'wn', 'wn', 'wn']","[0, 0, 0, 0, 0, 0, 0, 0, 0, 0, 0, 0, 0, 0, 0]","[0, 0, 0, 0, 0, 0, 0, 0, 0, 0, 0, 0, 0, 0, 0]","[786, 786, 786, 786, 786, 786, 786, 786, 786, 786, 786, 786, 786, 786, 786]","[1033, 1033, 1033, 1033, 1033, 1033, 1033, 1033, 1033, 1033, 1033, 1033, 1033, 1033, 1033]",0.0,0.53513282118644456
attack,counterattack,"['wn', 'wn', 'wn', 'wn', 'wn', 'wn', 'wn', 'wn', 'wn', 'wn', 'wn', 'wn', 'wn', 'wn', 'wn', 'wn', 'wn', 'wn', 'wn', 'wn', 'wn', 'wn', 'wn', 'wn', 'wn', 'wn', 'wn', 'wn', 'wn']","[0, 0, 0, 0, 0, 0, 0, 0, 0, 0, 0, 0, 0, 0, 0, 9, 9, 9, 9, 9, 9, 9, 9, 9, 9, 9, 9, 9, 9]","[1, 1, 1, 1, 1, 1, 1, 1, 1, 1, 1, 1, 1, 1, 1, 1, 1, 1, 1, 1, 1, 1, 1, 1, 1, 1, 1, 1, 1]","[786, 786, 786, 786, 786, 786, 786, 786, 786, 786, 786, 786, 786, 786, 786, 470, 470, 470, 470, 470, 470, 470, 470, 470, 470, 470, 470, 470, 470]","[1033, 1033, 1033, 1033, 1033, 1033, 1033, 1033, 1033, 1033, 1033, 1033, 1033, 1033, 1033, 1267, 1267, 1267, 1267, 1267, 1267, 1267, 1267, 1267, 1267, 1267, 1267, 1267, 1267]",1.0,0.47946876532211713
attack,bombing,"['wn', 'wn', 'wn', 'wn', 'wn', 'wn', 'wn', 'wn', 'wn', 'wn', 'wn', 'wn', 'wn', 'wn', 'wn', 'wn', 'wn', 'wn', 'wn', 'wn', 'wn', 'wn', 'wn', 'wn', 'wn', 'wn', 'wn', 'wn', 'wn']","[0, 0, 0, 0, 0, 0, 0, 0, 0, 0, 0, 0, 0, 0, 0, 9, 9, 9, 9, 9, 9, 9, 9, 9, 9, 9, 9, 9, 9]","[2, 2, 2, 2, 2, 2, 2, 2, 2, 2, 2, 2, 2, 2, 2, 3, 3, 3, 3, 3, 3, 3, 3, 3, 3, 3, 3, 3, 3]","[786, 786, 786, 786, 786, 786, 786, 786, 786, 786, 786, 786, 786, 786, 786, 470, 470, 470, 470, 470, 470, 470, 470, 470, 470, 470, 470, 470, 470]","[1033, 1033, 1033, 1033, 1033, 1033, 1033, 1033, 1033, 1033, 1033, 1033, 1033, 1033, 1033, 1267, 1267, 1267, 1267, 1267, 1267, 1267, 1267, 1267, 1267, 1267, 1267, 1267, 1267]",1.0,0.42223043176765063
convict,convict,"['wn', 'wn']","[2, 2]","[11, 11]","[11, 11]","[30, 30]",1.0,5.9604644775390625e-08
convict,conviction,['wn'],[2],[11],[11],[30],0.13636363636363635,0.44571837459316099
appeal,appeal,"['wn', 'wn']","[2, 4]","[8, 4]","[8, 4]","[69, 96]",0.32,0.0
manufacture,manufacture,"['wn', 'wn', 'wn', 'wn']","[0, 1, 2, 2]","[2, 0, 3, 3]","[45, 62, 8, 8]","[914, 208, 121, 121]",1.0,5.9604644775390625e-08
manufacture,prefabrication,"['wn', 'wn', 'wn', 'wn', 'wn', 'wn', 'wn', 'wn', 'wn', 'wn', 'wn', 'wn', 'wn', 'wn', 'wn']","[1, 1, 1, 1, 1, 1, 1, 1, 1, 1, 1, 1, 1, 1, 1]","[0, 0, 0, 0, 0, 0, 0, 0, 0, 0, 0, 0, 0, 0, 0]","[62, 62, 62, 62, 62, 62, 62, 62, 62, 62, 62, 62, 62, 62, 62]","[208, 208, 208, 208, 208, 208, 208, 208, 208, 208, 208, 208, 208, 208, 208]",NA,0.68590766191482544
manufacture,production,"['wn', 'wn', 'wn', 'wn', 'wn', 'wn', 'wn', 'wn', 'wn', 'wn', 'wn', 'wn', 'wn', 'wn']","[0, 0, 0, 0, 0, 0, 0, 0, 0, 0, 0, 0, 0, 0]","[0, 0, 0, 0, 0, 0, 0, 0, 0, 0, 0, 0, 0, 0]","[45, 45, 45, 45, 45, 45, 45, 45, 45, 45, 45, 45, 45, 45]","[914, 914, 914, 914, 914, 914, 914, 914, 914, 914, 914, 914, 914, 914]",0.0,0.59299442172050476
manufacture,manufacturing,['wn'],[1],[2],[62],[208],1.0,0.38575506210327148
manufacture,fabrication,"['wn', 'wn', 'wn', 'wn']","[1, 2, 2, 2]","[0, 0, 0, 0]","[62, 8, 8, 8]","[208, 121, 121, 121]",NA,0.54601836204528809
manufacture,manufacturer,"['wn', 'wn']","[2, 2]","[3, 3]","[8, 8]","[121, 121]",1.0,0.4362027645111084
buy,purchaser,['wn'],[1],[34],[316],[4302],NA,0.65720669372121654
buy,purchase,"['wn', 'wn']","[1, 1]","[34, 34]","[316, 316]","[4302, 4302]",0.9166666666666666,0.23600955224094111
buy,buy,['wn'],[1],[102],[316],[4302],NA,5.9604644775390625e-08
buy,purchasing,['wn'],[1],[34],[316],[4302],NA,0.43019372224807739
buy,repurchase,"['wn', 'wn', 'wn', 'wn', 'wn', 'wn', 'wn', 'wn', 'wn', 'wn', 'wn', 'wn', 'wn', 'wn', 'wn']","[1, 1, 1, 1, 1, 1, 1, 1, 1, 1, 1, 1, 1, 1, 1]","[0, 0, 0, 0, 0, 0, 0, 0, 0, 0, 0, 0, 0, 0, 0]","[316, 316, 316, 316, 316, 316, 316, 316, 316, 316, 316, 316, 316, 316, 316]","[4302, 4302, 4302, 4302, 4302, 4302, 4302, 4302, 4302, 4302, 4302, 4302, 4302, 4302, 4302]",NA,0.65211606025695801
buy,take,"['wn', 'wn', 'wn', 'wn', 'wn', 'wn', 'wn', 'wn', 'wn', 'wn', 'wn', 'wn', 'wn', 'wn', 'wn']","[1, 1, 1, 1, 1, 1, 1, 1, 1, 1, 1, 1, 1, 1, 1]","[1, 1, 1, 1, 1, 1, 1, 1, 1, 1, 1, 1, 1, 1, 1]","[316, 316, 316, 316, 316, 316, 316, 316, 316, 316, 316, 316, 316, 316, 316]","[4302, 4302, 4302, 4302, 4302, 4302, 4302, 4302, 4302, 4302, 4302, 4302, 4302, 4302, 4302]",NA,0.7140190601348877
buy,buyer,['wn'],[1],[102],[316],[4302],1.0,0.56140217185020447
buy,buying,['wn'],[1],[102],[316],[4302],1.0,0.27908128499984741
execute,executing,['wn'],[0],[2],[200],[284],NA,0.21934598684310913
execute,execution,['wn'],[0],[2],[200],[284],0.6666666666666666,0.35417580604553223
broadcast,broadcast,['wn'],[0],[3],[3],[30],1.0,0.0
broadcast,newscast,"['wn', 'wn', 'wn', 'wn', 'wn', 'wn', 'wn', 'wn', 'wn', 'wn', 'wn', 'wn', 'wn', 'wn']","[0, 0, 0, 0, 0, 0, 0, 0, 0, 0, 0, 0, 0, 0]","[0, 0, 0, 0, 0, 0, 0, 0, 0, 0, 0, 0, 0, 0]","[3, 3, 3, 3, 3, 3, 3, 3, 3, 3, 3, 3, 3, 3]","[30, 30, 30, 30, 30, 30, 30, 30, 30, 30, 30, 30, 30, 30]",NA,0.48436635732650757
broadcast,rebroadcast,"['wn', 'wn', 'wn', 'wn', 'wn', 'wn', 'wn', 'wn', 'wn', 'wn', 'wn', 'wn', 'wn', 'wn']","[0, 0, 0, 0, 0, 0, 0, 0, 0, 0, 0, 0, 0, 0]","[0, 0, 0, 0, 0, 0, 0, 0, 0, 0, 0, 0, 0, 0]","[3, 3, 3, 3, 3, 3, 3, 3, 3, 3, 3, 3, 3, 3]","[30, 30, 30, 30, 30, 30, 30, 30, 30, 30, 30, 30, 30, 30]",NA,0.31001569688413722
broadcast,telecast,"['wn', 'wn', 'wn', 'wn', 'wn', 'wn', 'wn', 'wn', 'wn', 'wn', 'wn', 'wn', 'wn', 'wn']","[0, 0, 0, 0, 0, 0, 0, 0, 0, 0, 0, 0, 0, 0]","[0, 0, 0, 0, 0, 0, 0, 0, 0, 0, 0, 0, 0, 0]","[3, 3, 3, 3, 3, 3, 3, 3, 3, 3, 3, 3, 3, 3]","[30, 30, 30, 30, 30, 30, 30, 30, 30, 30, 30, 30, 30, 30]",NA,0.2772362232208252
broadcast,simulcast,"['wn', 'wn', 'wn', 'wn', 'wn', 'wn', 'wn', 'wn', 'wn', 'wn', 'wn', 'wn', 'wn', 'wn']","[0, 0, 0, 0, 0, 0, 0, 0, 0, 0, 0, 0, 0, 0]","[0, 0, 0, 0, 0, 0, 0, 0, 0, 0, 0, 0, 0, 0]","[3, 3, 3, 3, 3, 3, 3, 3, 3, 3, 3, 3, 3, 3]","[30, 30, 30, 30, 30, 30, 30, 30, 30, 30, 30, 30, 30, 30]",NA,0.34460957710628781
birth,calving,"['wn', 'wn', 'wn', 'wn', 'wn', 'wn', 'wn', 'wn', 'wn', 'wn', 'wn', 'wn', 'wn', 'wn', 'wn']","[2, 2, 2, 2, 2, 2, 2, 2, 2, 2, 2, 2, 2, 2, 2]","[3, 3, 3, 3, 3, 3, 3, 3, 3, 3, 3, 3, 3, 3, 3]","[166, 166, 166, 166, 166, 166, 166, 166, 166, 166, 166, 166, 166, 166, 166]","[263, 263, 263, 263, 263, 263, 263, 263, 263, 263, 263, 263, 263, 263, 263]",1.0,0.66148851284316257
birth,hatching,"['wn', 'wn', 'wn', 'wn', 'wn', 'wn', 'wn', 'wn', 'wn', 'wn', 'wn', 'wn', 'wn', 'wn', 'wn']","[2, 2, 2, 2, 2, 2, 2, 2, 2, 2, 2, 2, 2, 2, 2]","[3, 3, 3, 3, 3, 3, 3, 3, 3, 3, 3, 3, 3, 3, 3]","[166, 166, 166, 166, 166, 166, 166, 166, 166, 166, 166, 166, 166, 166, 166]","[263, 263, 263, 263, 263, 263, 263, 263, 263, 263, 263, 263, 263, 263, 263]",1.0,0.74386560916900635
birth,rebirth,"['wn', 'wn', 'wn', 'wn', 'wn', 'wn', 'wn', 'wn', 'wn', 'wn', 'wn', 'wn', 'wn', 'wn']","[1, 1, 1, 1, 1, 1, 1, 1, 1, 1, 1, 1, 1, 1]","[0, 0, 0, 0, 0, 0, 0, 0, 0, 0, 0, 0, 0, 0]","[2, 2, 2, 2, 2, 2, 2, 2, 2, 2, 2, 2, 2, 2]","[91, 91, 91, 91, 91, 91, 91, 91, 91, 91, 91, 91, 91, 91]",NA,0.7227628231048584
birth,farrowing,"['wn', 'wn', 'wn', 'wn', 'wn', 'wn', 'wn', 'wn', 'wn', 'wn', 'wn', 'wn', 'wn', 'wn', 'wn']","[2, 2, 2, 2, 2, 2, 2, 2, 2, 2, 2, 2, 2, 2, 2]","[0, 0, 0, 0, 0, 0, 0, 0, 0, 0, 0, 0, 0, 0, 0]","[166, 166, 166, 166, 166, 166, 166, 166, 166, 166, 166, 166, 166, 166, 166]","[263, 263, 263, 263, 263, 263, 263, 263, 263, 263, 263, 263, 263, 263, 263]",NA,0.69967281818389893
birth,gestation,"['wn', 'wn', 'wn', 'wn', 'wn', 'wn', 'wn', 'wn', 'wn', 'wn', 'wn', 'wn', 'wn', 'wn', 'wn', 'wn', 'wn', 'wn', 'wn', 'wn', 'wn', 'wn', 'wn', 'wn', 'wn', 'wn', 'wn', 'wn']","[5, 5, 5, 5, 5, 5, 5, 5, 5, 5, 5, 5, 5, 5, 5, 5, 5, 5, 5, 5, 5, 5, 5, 5, 5, 5, 5, 5]","[0, 0, 0, 0, 0, 0, 0, 0, 0, 0, 0, 0, 0, 0, 0, 0, 0, 0, 0, 0, 0, 0, 0, 0, 0, 0, 0, 0]","[22, 22, 22, 22, 22, 22, 22, 22, 22, 22, 22, 22, 22, 22, 22, 22, 22, 22, 22, 22, 22, 22, 22, 22, 22, 22, 22, 22]","[13274, 13274, 13274, 13274, 13274, 13274, 13274, 13274, 13274, 13274, 13274, 13274, 13274, 13274, 13274, 13274, 13274, 13274, 13274, 13274, 13274, 13274, 13274, 13274, 13274, 13274, 13274, 13274]",NA,0.55729672312736511
birth,egg_laying,"['wn', 'wn', 'wn', 'wn', 'wn', 'wn', 'wn', 'wn', 'wn', 'wn', 'wn', 'wn', 'wn', 'wn', 'wn']","[2, 2, 2, 2, 2, 2, 2, 2, 2, 2, 2, 2, 2, 2, 2]","[1, 1, 1, 1, 1, 1, 1, 1, 1, 1, 1, 1, 1, 1, 1]","[166, 166, 166, 166, 166, 166, 166, 166, 166, 166, 166, 166, 166, 166, 166]","[263, 263, 263, 263, 263, 263, 263, 263, 263, 263, 263, 263, 263, 263, 263]",1.0,0.74505740404129028
birth,vaginal_birth,"['wn', 'wn', 'wn', 'wn', 'wn', 'wn', 'wn', 'wn', 'wn', 'wn', 'wn', 'wn', 'wn', 'wn', 'wn']","[2, 2, 2, 2, 2, 2, 2, 2, 2, 2, 2, 2, 2, 2, 2]","[0, 0, 0, 0, 0, 0, 0, 0, 0, 0, 0, 0, 0, 0, 0]","[166, 166, 166, 166, 166, 166, 166, 166, 166, 166, 166, 166, 166, 166, 166]","[263, 263, 263, 263, 263, 263, 263, 263, 263, 263, 263, 263, 263, 263, 263]",NA,0.62054175138473511
birth,childbearing,"['wn', 'wn', 'wn', 'wn', 'wn', 'wn', 'wn', 'wn', 'wn', 'wn', 'wn', 'wn', 'wn', 'wn', 'wn']","[2, 2, 2, 2, 2, 2, 2, 2, 2, 2, 2, 2, 2, 2, 2]","[0, 0, 0, 0, 0, 0, 0, 0, 0, 0, 0, 0, 0, 0, 0]","[166, 166, 166, 166, 166, 166, 166, 166, 166, 166, 166, 166, 166, 166, 166]","[263, 263, 263, 263, 263, 263, 263, 263, 263, 263, 263, 263, 263, 263, 263]",NA,0.63421109318733215
birth,twin,"['wn', 'wn', 'wn', 'wn', 'wn', 'wn', 'wn', 'wn', 'wn', 'wn', 'wn', 'wn', 'wn', 'wn']","[5, 5, 5, 5, 5, 5, 5, 5, 5, 5, 5, 5, 5, 5]","[0, 0, 0, 0, 0, 0, 0, 0, 0, 0, 0, 0, 0, 0]","[22, 22, 22, 22, 22, 22, 22, 22, 22, 22, 22, 22, 22, 22]","[13274, 13274, 13274, 13274, 13274, 13274, 13274, 13274, 13274, 13274, 13274, 13274, 13274, 13274]",1.0,0.66875758767127991
birth,cradle,"['wn', 'wn', 'wn', 'wn', 'wn', 'wn', 'wn', 'wn', 'wn', 'wn', 'wn', 'wn', 'wn', 'wn']","[0, 0, 0, 0, 0, 0, 0, 0, 0, 0, 0, 0, 0, 0]","[0, 0, 0, 0, 0, 0, 0, 0, 0, 0, 0, 0, 0, 0]","[6, 6, 6, 6, 6, 6, 6, 6, 6, 6, 6, 6, 6, 6]","[71, 71, 71, 71, 71, 71, 71, 71, 71, 71, 71, 71, 71, 71]",0.0,0.74969145659310144
birth,birthing,['wn'],[2],[0],[166],[263],NA,0.49932688474655151
birth,birth,"['wn', 'wn', 'wn', 'wn', 'wn', 'wn', 'wn']","[0, 1, 2, 4, 5, 5, 5]","[6, 2, 1, 0, 0, 0, 0]","[6, 2, 166, 0, 22, 22, 22]","[71, 91, 263, 62, 13274, 13274, 13274]",1.0,-1.1920928955078125e-07
birth,childbirth,"['wn', 'wn', 'wn', 'wn', 'wn', 'wn', 'wn', 'wn', 'wn', 'wn', 'wn', 'wn', 'wn', 'wn', 'wn']","[2, 2, 2, 2, 2, 2, 2, 2, 2, 2, 2, 2, 2, 2, 2]","[0, 0, 0, 0, 0, 0, 0, 0, 0, 0, 0, 0, 0, 0, 0]","[166, 166, 166, 166, 166, 166, 166, 166, 166, 166, 166, 166, 166, 166, 166]","[263, 263, 263, 263, 263, 263, 263, 263, 263, 263, 263, 263, 263, 263, 263]",NA,0.46299493312835693
birth,pup,"['wn', 'wn', 'wn', 'wn', 'wn', 'wn', 'wn', 'wn', 'wn', 'wn', 'wn', 'wn', 'wn', 'wn']","[5, 5, 5, 5, 5, 5, 5, 5, 5, 5, 5, 5, 5, 5]","[0, 0, 0, 0, 0, 0, 0, 0, 0, 0, 0, 0, 0, 0]","[22, 22, 22, 22, 22, 22, 22, 22, 22, 22, 22, 22, 22, 22]","[13274, 13274, 13274, 13274, 13274, 13274, 13274, 13274, 13274, 13274, 13274, 13274, 13274, 13274]",1.0,0.72623527050018311
birth,foal,"['wn', 'wn', 'wn', 'wn', 'wn', 'wn', 'wn', 'wn', 'wn', 'wn', 'wn', 'wn', 'wn', 'wn']","[5, 5, 5, 5, 5, 5, 5, 5, 5, 5, 5, 5, 5, 5]","[0, 0, 0, 0, 0, 0, 0, 0, 0, 0, 0, 0, 0, 0]","[22, 22, 22, 22, 22, 22, 22, 22, 22, 22, 22, 22, 22, 22]","[13274, 13274, 13274, 13274, 13274, 13274, 13274, 13274, 13274, 13274, 13274, 13274, 13274, 13274]",NA,0.66502092272167945
birth,parturition,['wn'],[2],[0],[166],[263],NA,0.58616870641708374
birth,cub,"['wn', 'wn', 'wn', 'wn', 'wn', 'wn', 'wn', 'wn', 'wn', 'wn', 'wn', 'wn', 'wn', 'wn']","[5, 5, 5, 5, 5, 5, 5, 5, 5, 5, 5, 5, 5, 5]","[0, 0, 0, 0, 0, 0, 0, 0, 0, 0, 0, 0, 0, 0]","[22, 22, 22, 22, 22, 22, 22, 22, 22, 22, 22, 22, 22, 22]","[13274, 13274, 13274, 13274, 13274, 13274, 13274, 13274, 13274, 13274, 13274, 13274, 13274, 13274]",NA,0.66453596949577332
hire,hire,['wn'],[1],[0],[0],[16],NA,1.1920927533992653e-07
hire,hirer,['wn'],[2],[33],[214],[1365],NA,0.59858690517104796
hire,subcontract,"['wn', 'wn', 'wn', 'wn', 'wn', 'wn', 'wn', 'wn', 'wn', 'wn', 'wn', 'wn', 'wn', 'wn', 'wn']","[2, 2, 2, 2, 2, 2, 2, 2, 2, 2, 2, 2, 2, 2, 2]","[1, 1, 1, 1, 1, 1, 1, 1, 1, 1, 1, 1, 1, 1, 1]","[214, 214, 214, 214, 214, 214, 214, 214, 214, 214, 214, 214, 214, 214, 214]","[1365, 1365, 1365, 1365, 1365, 1365, 1365, 1365, 1365, 1365, 1365, 1365, 1365, 1365, 1365]",NA,0.69032619114801985
hire,job,"['wn', 'wn', 'wn', 'wn', 'wn', 'wn', 'wn', 'wn', 'wn', 'wn', 'wn', 'wn', 'wn', 'wn', 'wn', 'wn', 'wn', 'wn', 'wn', 'wn', 'wn', 'wn', 'wn', 'wn', 'wn', 'wn', 'wn', 'wn', 'wn', 'wn', 'wn', 'wn', 'wn', 'wn', 'wn', 'wn', 'wn', 'wn', 'wn', 'wn', 'wn', 'wn', 'wn', 'wn', 'wn', 'wn', 'wn', 'wn', 'wn', 'wn', 'wn', 'wn', 'wn', 'wn', 'wn', 'wn', 'wn', 'wn', 'wn', 'wn']","[2, 2, 2, 2, 2, 2, 2, 2, 2, 2, 2, 2, 2, 2, 2, 2, 2, 2, 2, 2, 2, 2, 2, 2, 2, 2, 2, 2, 2, 2, 2, 2, 2, 2, 2, 2, 2, 2, 2, 2, 2, 2, 2, 2, 2, 2, 2, 2, 2, 2, 2, 2, 2, 2, 2, 2, 2, 2, 2, 2]","[0, 0, 0, 0, 0, 0, 0, 0, 0, 0, 0, 0, 0, 0, 0, 0, 0, 0, 0, 0, 0, 0, 0, 0, 0, 0, 0, 0, 0, 0, 0, 0, 0, 0, 0, 0, 0, 0, 0, 0, 0, 0, 0, 0, 0, 0, 0, 0, 0, 0, 0, 0, 0, 0, 0, 0, 0, 0, 0, 0]","[214, 214, 214, 214, 214, 214, 214, 214, 214, 214, 214, 214, 214, 214, 214, 214, 214, 214, 214, 214, 214, 214, 214, 214, 214, 214, 214, 214, 214, 214, 214, 214, 214, 214, 214, 214, 214, 214, 214, 214, 214, 214, 214, 214, 214, 214, 214, 214, 214, 214, 214, 214, 214, 214, 214, 214, 214, 214, 214, 214]","[1365, 1365, 1365, 1365, 1365, 1365, 1365, 1365, 1365, 1365, 1365, 1365, 1365, 1365, 1365, 1365, 1365, 1365, 1365, 1365, 1365, 1365, 1365, 1365, 1365, 1365, 1365, 1365, 1365, 1365, 1365, 1365, 1365, 1365, 1365, 1365, 1365, 1365, 1365, 1365, 1365, 1365, 1365, 1365, 1365, 1365, 1365, 1365, 1365, 1365, 1365, 1365, 1365, 1365, 1365, 1365, 1365, 1365, 1365, 1365]",0.3577235772357723,0.59158804466795367
hire,contract,"['wn', 'wn', 'wn', 'wn', 'wn', 'wn', 'wn', 'wn', 'wn', 'wn', 'wn', 'wn', 'wn', 'wn', 'wn']","[2, 2, 2, 2, 2, 2, 2, 2, 2, 2, 2, 2, 2, 2, 2]","[3, 3, 3, 3, 3, 3, 3, 3, 3, 3, 3, 3, 3, 3, 3]","[214, 214, 214, 214, 214, 214, 214, 214, 214, 214, 214, 214, 214, 214, 214]","[1365, 1365, 1365, 1365, 1365, 1365, 1365, 1365, 1365, 1365, 1365, 1365, 1365, 1365, 1365]",0.9047619047619048,0.71520172266949666
hire,employer,['wn'],[2],[14],[214],[1365],1.0,0.71894583476235452
hire,employ,['wn'],[2],[14],[214],[1365],1.0,0.38909829984923605
hire,employee,['wn'],[2],[14],[214],[1365],1.0,0.74243226737591417
hire,employment,['wn'],[2],[14],[214],[1365],0.24,0.62449269002763153
die,decease,['wn'],[3],[0],[291],[2446],NA,0.71860721333112976
die,death,"['wn', 'wn', 'wn', 'wn', 'wn']","[3, 3, 3, 3, 3]","[141, 141, 141, 141, 141]","[291, 291, 291, 291, 291]","[2446, 2446, 2446, 2446, 2446]",0.8818897637795275,0.52110257870570287
die,asphyxia,"['wn', 'wn', 'wn', 'wn', 'wn', 'wn', 'wn', 'wn', 'wn', 'wn', 'wn', 'wn', 'wn', 'wn', 'wn']","[3, 3, 3, 3, 3, 3, 3, 3, 3, 3, 3, 3, 3, 3, 3]","[0, 0, 0, 0, 0, 0, 0, 0, 0, 0, 0, 0, 0, 0, 0]","[291, 291, 291, 291, 291, 291, 291, 291, 291, 291, 291, 291, 291, 291, 291]","[2446, 2446, 2446, 2446, 2446, 2446, 2446, 2446, 2446, 2446, 2446, 2446, 2446, 2446, 2446]",NA,0.74700997752010689
die,Death,['wn'],[3],[141],[291],[2446],1.0,0.68892232709660095
die,asphyxiation,"['wn', 'wn', 'wn', 'wn', 'wn', 'wn', 'wn', 'wn', 'wn', 'wn', 'wn', 'wn', 'wn', 'wn', 'wn', 'wn', 'wn', 'wn', 'wn', 'wn', 'wn', 'wn', 'wn', 'wn', 'wn', 'wn', 'wn', 'wn', 'wn', 'wn']","[3, 3, 3, 3, 3, 3, 3, 3, 3, 3, 3, 3, 3, 3, 3, 3, 3, 3, 3, 3, 3, 3, 3, 3, 3, 3, 3, 3, 3, 3]","[0, 0, 0, 0, 0, 0, 0, 0, 0, 0, 0, 0, 0, 0, 0, 0, 0, 0, 0, 0, 0, 0, 0, 0, 0, 0, 0, 0, 0, 0]","[291, 291, 291, 291, 291, 291, 291, 291, 291, 291, 291, 291, 291, 291, 291, 291, 291, 291, 291, 291, 291, 291, 291, 291, 291, 291, 291, 291, 291, 291]","[2446, 2446, 2446, 2446, 2446, 2446, 2446, 2446, 2446, 2446, 2446, 2446, 2446, 2446, 2446, 2446, 2446, 2446, 2446, 2446, 2446, 2446, 2446, 2446, 2446, 2446, 2446, 2446, 2446, 2446]",NA,0.69599900817865179
die,suffocation,"['wn', 'wn', 'wn', 'wn', 'wn', 'wn', 'wn', 'wn', 'wn', 'wn', 'wn', 'wn', 'wn', 'wn', 'wn']","[3, 3, 3, 3, 3, 3, 3, 3, 3, 3, 3, 3, 3, 3, 3]","[0, 0, 0, 0, 0, 0, 0, 0, 0, 0, 0, 0, 0, 0, 0]","[291, 291, 291, 291, 291, 291, 291, 291, 291, 291, 291, 291, 291, 291, 291]","[2446, 2446, 2446, 2446, 2446, 2446, 2446, 2446, 2446, 2446, 2446, 2446, 2446, 2446, 2446]",1.0,0.59281185822557558
marry,solemnization,"['wn', 'wn', 'wn', 'wn', 'wn', 'wn', 'wn', 'wn', 'wn', 'wn', 'wn', 'wn', 'wn', 'wn']","[1, 1, 1, 1, 1, 1, 1, 1, 1, 1, 1, 1, 1, 1]","[0, 0, 0, 0, 0, 0, 0, 0, 0, 0, 0, 0, 0, 0]","[2, 2, 2, 2, 2, 2, 2, 2, 2, 2, 2, 2, 2, 2]","[263, 263, 263, 263, 263, 263, 263, 263, 263, 263, 263, 263, 263, 263]",NA,0.67173586319302703
marry,married,['wn'],[0],[44],[67],[253],NA,0.23644359329006637
marry,remarriage,"['wn', 'wn', 'wn', 'wn', 'wn', 'wn', 'wn', 'wn', 'wn', 'wn', 'wn', 'wn', 'wn', 'wn', 'wn']","[0, 0, 0, 0, 0, 0, 0, 0, 0, 0, 0, 0, 0, 0, 0]","[1, 1, 1, 1, 1, 1, 1, 1, 1, 1, 1, 1, 1, 1, 1]","[67, 67, 67, 67, 67, 67, 67, 67, 67, 67, 67, 67, 67, 67, 67]","[253, 253, 253, 253, 253, 253, 253, 253, 253, 253, 253, 253, 253, 253, 253]",NA,0.52788779305742939
marry,marriage,"['wn', 'wn']","[0, 1]","[44, 2]","[67, 2]","[253, 263]",0.05263157894736842,0.3446219768894897
marry,wedding,"['wn', 'wn']","[0, 1]","[3, 0]","[67, 2]","[253, 263]",1.0,0.46606877243928746
marry,solemnisation,"['wn', 'wn', 'wn', 'wn', 'wn', 'wn', 'wn', 'wn', 'wn', 'wn', 'wn', 'wn', 'wn', 'wn']","[1, 1, 1, 1, 1, 1, 1, 1, 1, 1, 1, 1, 1, 1]","[0, 0, 0, 0, 0, 0, 0, 0, 0, 0, 0, 0, 0, 0]","[2, 2, 2, 2, 2, 2, 2, 2, 2, 2, 2, 2, 2, 2]","[263, 263, 263, 263, 263, 263, 263, 263, 263, 263, 263, 263, 263, 263]",NA,0.65391317927319881
marry,intermarriage,"['wn', 'wn', 'wn', 'wn', 'wn', 'wn', 'wn', 'wn', 'wn', 'wn', 'wn', 'wn', 'wn', 'wn', 'wn', 'wn', 'wn', 'wn', 'wn', 'wn', 'wn', 'wn', 'wn', 'wn', 'wn', 'wn', 'wn', 'wn', 'wn', 'wn']","[0, 0, 0, 0, 0, 0, 0, 0, 0, 0, 0, 0, 0, 0, 0, 0, 0, 0, 0, 0, 0, 0, 0, 0, 0, 0, 0, 0, 0, 0]","[0, 0, 0, 0, 0, 0, 0, 0, 0, 0, 0, 0, 0, 0, 0, 0, 0, 0, 0, 0, 0, 0, 0, 0, 0, 0, 0, 0, 0, 0]","[67, 67, 67, 67, 67, 67, 67, 67, 67, 67, 67, 67, 67, 67, 67, 67, 67, 67, 67, 67, 67, 67, 67, 67, 67, 67, 67, 67, 67, 67]","[253, 253, 253, 253, 253, 253, 253, 253, 253, 253, 253, 253, 253, 253, 253, 253, 253, 253, 253, 253, 253, 253, 253, 253, 253, 253, 253, 253, 253, 253]",1.0,0.7228623729102106
injure,shoot,"['wn', 'wn', 'wn', 'wn', 'wn', 'wn', 'wn', 'wn', 'wn', 'wn', 'wn', 'wn', 'wn', 'wn', 'wn']","[0, 0, 0, 0, 0, 0, 0, 0, 0, 0, 0, 0, 0, 0, 0]","[28, 28, 28, 28, 28, 28, 28, 28, 28, 28, 28, 28, 28, 28, 28]","[842, 842, 842, 842, 842, 842, 842, 842, 842, 842, 842, 842, 842, 842, 842]","[2131, 2131, 2131, 2131, 2131, 2131, 2131, 2131, 2131, 2131, 2131, 2131, 2131, 2131, 2131]",NA,0.70616374648593339
injure,hurt,['wn'],[2],[4],[4],[66],0.0,0.4073376302324313
injure,harm,"['wn', 'wn', 'wn', 'wn', 'wn', 'wn', 'wn', 'wn', 'wn', 'wn', 'wn', 'wn', 'wn', 'wn', 'wn', 'wn', 'wn', 'wn', 'wn', 'wn', 'wn', 'wn', 'wn', 'wn', 'wn', 'wn', 'wn', 'wn', 'wn', 'wn']","[0, 0, 0, 0, 0, 0, 0, 0, 0, 0, 0, 0, 0, 0, 0, 0, 0, 0, 0, 0, 0, 0, 0, 0, 0, 0, 0, 0, 0, 0]","[3, 3, 3, 3, 3, 3, 3, 3, 3, 3, 3, 3, 3, 3, 3, 3, 3, 3, 3, 3, 3, 3, 3, 3, 3, 3, 3, 3, 3, 3]","[842, 842, 842, 842, 842, 842, 842, 842, 842, 842, 842, 842, 842, 842, 842, 842, 842, 842, 842, 842, 842, 842, 842, 842, 842, 842, 842, 842, 842, 842]","[2131, 2131, 2131, 2131, 2131, 2131, 2131, 2131, 2131, 2131, 2131, 2131, 2131, 2131, 2131, 2131, 2131, 2131, 2131, 2131, 2131, 2131, 2131, 2131, 2131, 2131, 2131, 2131, 2131, 2131]",0.375,0.40790729616967603
injure,bruise,"['wn', 'wn', 'wn', 'wn', 'wn', 'wn', 'wn', 'wn', 'wn', 'wn', 'wn', 'wn', 'wn', 'wn', 'wn']","[0, 0, 0, 0, 0, 0, 0, 0, 0, 0, 0, 0, 0, 0, 0]","[2, 2, 2, 2, 2, 2, 2, 2, 2, 2, 2, 2, 2, 2, 2]","[842, 842, 842, 842, 842, 842, 842, 842, 842, 842, 842, 842, 842, 842, 842]","[2131, 2131, 2131, 2131, 2131, 2131, 2131, 2131, 2131, 2131, 2131, 2131, 2131, 2131, 2131]",1.0,0.71026663245359845
injure,trample,"['wn', 'wn', 'wn', 'wn', 'wn', 'wn', 'wn', 'wn', 'wn', 'wn', 'wn', 'wn', 'wn', 'wn', 'wn']","[0, 0, 0, 0, 0, 0, 0, 0, 0, 0, 0, 0, 0, 0, 0]","[1, 1, 1, 1, 1, 1, 1, 1, 1, 1, 1, 1, 1, 1, 1]","[842, 842, 842, 842, 842, 842, 842, 842, 842, 842, 842, 842, 842, 842, 842]","[2131, 2131, 2131, 2131, 2131, 2131, 2131, 2131, 2131, 2131, 2131, 2131, 2131, 2131, 2131]",NA,0.61767563925240276
injure,graze,"['wn', 'wn', 'wn', 'wn', 'wn', 'wn', 'wn', 'wn', 'wn', 'wn', 'wn', 'wn', 'wn', 'wn', 'wn', 'wn', 'wn', 'wn', 'wn', 'wn', 'wn', 'wn', 'wn', 'wn', 'wn', 'wn', 'wn', 'wn', 'wn', 'wn']","[0, 0, 0, 0, 0, 0, 0, 0, 0, 0, 0, 0, 0, 0, 0, 0, 0, 0, 0, 0, 0, 0, 0, 0, 0, 0, 0, 0, 0, 0]","[2, 2, 2, 2, 2, 2, 2, 2, 2, 2, 2, 2, 2, 2, 2, 2, 2, 2, 2, 2, 2, 2, 2, 2, 2, 2, 2, 2, 2, 2]","[842, 842, 842, 842, 842, 842, 842, 842, 842, 842, 842, 842, 842, 842, 842, 842, 842, 842, 842, 842, 842, 842, 842, 842, 842, 842, 842, 842, 842, 842]","[2131, 2131, 2131, 2131, 2131, 2131, 2131, 2131, 2131, 2131, 2131, 2131, 2131, 2131, 2131, 2131, 2131, 2131, 2131, 2131, 2131, 2131, 2131, 2131, 2131, 2131, 2131, 2131, 2131, 2131]",NA,0.6957553443762865
injure,stab,"['wn', 'wn', 'wn', 'wn', 'wn', 'wn', 'wn', 'wn', 'wn', 'wn', 'wn', 'wn', 'wn', 'wn', 'wn']","[0, 0, 0, 0, 0, 0, 0, 0, 0, 0, 0, 0, 0, 0, 0]","[1, 1, 1, 1, 1, 1, 1, 1, 1, 1, 1, 1, 1, 1, 1]","[842, 842, 842, 842, 842, 842, 842, 842, 842, 842, 842, 842, 842, 842, 842]","[2131, 2131, 2131, 2131, 2131, 2131, 2131, 2131, 2131, 2131, 2131, 2131, 2131, 2131, 2131]",NA,0.71859179249952987
injure,fracture,"['wn', 'wn', 'wn', 'wn', 'wn', 'wn', 'wn', 'wn', 'wn', 'wn', 'wn', 'wn', 'wn', 'wn', 'wn', 'wn', 'wn', 'wn', 'wn', 'wn', 'wn', 'wn', 'wn', 'wn', 'wn', 'wn', 'wn', 'wn', 'wn', 'wn']","[0, 0, 0, 0, 0, 0, 0, 0, 0, 0, 0, 0, 0, 0, 0, 0, 0, 0, 0, 0, 0, 0, 0, 0, 0, 0, 0, 0, 0, 0]","[0, 0, 0, 0, 0, 0, 0, 0, 0, 0, 0, 0, 0, 0, 0, 0, 0, 0, 0, 0, 0, 0, 0, 0, 0, 0, 0, 0, 0, 0]","[842, 842, 842, 842, 842, 842, 842, 842, 842, 842, 842, 842, 842, 842, 842, 842, 842, 842, 842, 842, 842, 842, 842, 842, 842, 842, 842, 842, 842, 842]","[2131, 2131, 2131, 2131, 2131, 2131, 2131, 2131, 2131, 2131, 2131, 2131, 2131, 2131, 2131, 2131, 2131, 2131, 2131, 2131, 2131, 2131, 2131, 2131, 2131, 2131, 2131, 2131, 2131, 2131]",NA,0.66629825033535073
injure,injury,"['wn', 'wn', 'wn']","[0, 0, 0]","[12, 12, 12]","[842, 842, 842]","[2131, 2131, 2131]",1.0,0.62354235333709296
merge,merger,"['wn', 'wn']","[2, 2]","[0, 0]","[14, 14]","[104, 104]",1.0,0.36766082048416138
merge,uniting,['wn'],[2],[0],[14],[104],NA,0.62531667947769165
merge,unification,['wn'],[2],[0],[14],[104],1.0,0.6782071590423584
merge,consolidation,"['wn', 'wn', 'wn', 'wn', 'wn', 'wn', 'wn', 'wn', 'wn', 'wn', 'wn', 'wn', 'wn', 'wn']","[2, 2, 2, 2, 2, 2, 2, 2, 2, 2, 2, 2, 2, 2]","[0, 0, 0, 0, 0, 0, 0, 0, 0, 0, 0, 0, 0, 0]","[14, 14, 14, 14, 14, 14, 14, 14, 14, 14, 14, 14, 14, 14]","[104, 104, 104, 104, 104, 104, 104, 104, 104, 104, 104, 104, 104, 104]",0.5,0.5790766179561615
nominate,nominator,"['wn', 'wn', 'wn', 'wn', 'wn', 'wn', 'wn', 'wn', 'wn', 'wn', 'wn', 'wn', 'wn', 'wn', 'wn', 'wn', 'wn']","[0, 1, 1, 1, 1, 1, 1, 1, 1, 1, 1, 1, 1, 1, 1, 1, 1]","[4, 0, 4, 4, 4, 4, 4, 4, 4, 4, 4, 4, 4, 4, 4, 4, 4]","[4, 61, 61, 61, 61, 61, 61, 61, 61, 61, 61, 61, 61, 61, 61, 61, 61]","[30, 154, 154, 154, 154, 154, 154, 154, 154, 154, 154, 154, 154, 154, 154, 154, 154]",NA,0.66411808133125305
nominate,nomination,"['wn', 'wn', 'wn', 'wn', 'wn', 'wn', 'wn', 'wn', 'wn', 'wn', 'wn', 'wn', 'wn', 'wn', 'wn', 'wn', 'wn', 'wn', 'wn', 'wn', 'wn', 'wn', 'wn', 'wn', 'wn', 'wn', 'wn', 'wn', 'wn', 'wn', 'wn', 'wn', 'wn', 'wn', 'wn', 'wn', 'wn', 'wn', 'wn', 'wn', 'wn', 'wn', 'wn', 'wn', 'wn', 'wn', 'wn', 'wn']","[0, 0, 0, 1, 1, 1, 1, 1, 1, 1, 1, 1, 1, 1, 1, 1, 1, 1, 1, 1, 1, 1, 1, 1, 1, 1, 1, 1, 1, 1, 1, 1, 1, 1, 1, 1, 1, 1, 1, 1, 1, 1, 1, 1, 1, 1, 1, 1]","[4, 4, 4, 4, 4, 4, 4, 4, 4, 4, 4, 4, 4, 4, 4, 4, 4, 4, 4, 4, 4, 4, 4, 4, 4, 4, 4, 4, 4, 4, 4, 4, 4, 4, 4, 4, 4, 4, 4, 4, 4, 4, 4, 4, 4, 4, 4, 4]","[4, 4, 4, 61, 61, 61, 61, 61, 61, 61, 61, 61, 61, 61, 61, 61, 61, 61, 61, 61, 61, 61, 61, 61, 61, 61, 61, 61, 61, 61, 61, 61, 61, 61, 61, 61, 61, 61, 61, 61, 61, 61, 61, 61, 61, 61, 61, 61]","[30, 30, 30, 154, 154, 154, 154, 154, 154, 154, 154, 154, 154, 154, 154, 154, 154, 154, 154, 154, 154, 154, 154, 154, 154, 154, 154, 154, 154, 154, 154, 154, 154, 154, 154, 154, 154, 154, 154, 154, 154, 154, 154, 154, 154, 154, 154, 154]",1.0,0.52248320117492675
demonstrate,demonstration,['wn'],[3],[1],[16],[232],0.16666666666666666,0.5005212128162384
parole,parole,"['wn', 'wn']","[2, 3]","[0, 0]","[0, 0]","[6, 8]",NA,0.0
parole,parolee,['wn'],[3],[0],[0],[8],NA,0.45149928331375122
meet,visit,"['wn', 'wn', 'wn', 'wn', 'wn', 'wn', 'wn', 'wn', 'wn', 'wn', 'wn', 'wn', 'wn', 'wn']","[2, 2, 2, 2, 2, 2, 2, 2, 2, 2, 2, 2, 2, 2]","[15, 15, 15, 15, 15, 15, 15, 15, 15, 15, 15, 15, 15, 15]","[557, 557, 557, 557, 557, 557, 557, 557, 557, 557, 557, 557, 557, 557]","[5060, 5060, 5060, 5060, 5060, 5060, 5060, 5060, 5060, 5060, 5060, 5060, 5060, 5060]",0.5,0.67079482426705073
meet,rendezvous,"['wn', 'wn', 'wn', 'wn', 'wn', 'wn', 'wn', 'wn', 'wn', 'wn', 'wn', 'wn', 'wn', 'wn', 'wn', 'wn', 'wn', 'wn', 'wn', 'wn', 'wn', 'wn', 'wn', 'wn', 'wn', 'wn', 'wn', 'wn', 'wn', 'wn', 'wn', 'wn', 'wn', 'wn', 'wn', 'wn', 'wn', 'wn', 'wn', 'wn', 'wn', 'wn']","[2, 2, 2, 2, 2, 2, 2, 2, 2, 2, 2, 2, 2, 2, 2, 2, 2, 2, 2, 2, 2, 2, 2, 2, 2, 2, 2, 2, 2, 2, 2, 2, 2, 2, 2, 2, 2, 2, 2, 2, 2, 2]","[0, 0, 0, 0, 0, 0, 0, 0, 0, 0, 0, 0, 0, 0, 0, 0, 0, 0, 0, 0, 0, 0, 0, 0, 0, 0, 0, 0, 0, 0, 0, 0, 0, 0, 0, 0, 0, 0, 0, 0, 0, 0]","[557, 557, 557, 557, 557, 557, 557, 557, 557, 557, 557, 557, 557, 557, 557, 557, 557, 557, 557, 557, 557, 557, 557, 557, 557, 557, 557, 557, 557, 557, 557, 557, 557, 557, 557, 557, 557, 557, 557, 557, 557, 557]","[5060, 5060, 5060, 5060, 5060, 5060, 5060, 5060, 5060, 5060, 5060, 5060, 5060, 5060, 5060, 5060, 5060, 5060, 5060, 5060, 5060, 5060, 5060, 5060, 5060, 5060, 5060, 5060, 5060, 5060, 5060, 5060, 5060, 5060, 5060, 5060, 5060, 5060, 5060, 5060, 5060, 5060]",1.0,0.69990390539169312
meet,meet,['wn'],[2],[38],[557],[5060],1.0,0.0
meet,meeting,"['wn', 'wn', 'wn', 'wn']","[1, 1, 2, 2]","[49, 49, 38, 38]","[291, 291, 557, 557]","[2343, 2343, 5060, 5060]",0.9743589743589745,0.48349463939666748
meet,encounter,['wn'],[1],[17],[291],[2343],0.21428571428571427,0.67961406707763672
