elect,reelection,"['wn', 'wn', 'wn', 'wn', 'wn', 'wn', 'wn', 'wn', 'wn', 'wn', 'wn', 'wn', 'wn', 'wn', 'wn', 'wn', 'wn', 'wn', 'wn', 'wn', 'wn', 'wn']","[1, 1, 1, 1, 1, 1, 1, 1, 1, 1, 1, 1, 1, 1, 1, 1, 1, 1, 1, 1, 1, 1]","[3, 3, 3, 3, 3, 3, 3, 3, 3, 3, 3, 3, 3, 3, 3, 3, 3, 3, 3, 3, 3, 3]","[109, 109, 109, 109, 109, 109, 109, 109, 109, 109, 109, 109, 109, 109, 109, 109, 109, 109, 109, 109, 109, 109]","[397, 397, 397, 397, 397, 397, 397, 397, 397, 397, 397, 397, 397, 397, 397, 397, 397, 397, 397, 397, 397, 397]",1.0,0.53590926742012901
elect,elector,['wn'],[1],[21],[109],[397],1.0,0.60220179570924026
elect,election,"['fn', 'wn']","['Change_of_leadership', 1]","['fn', 21]","['fn', 109]","['fn', 397]",0.9852941176470589,0.4521296889859252
pardon,pardon,"['fn', 'wn', 'wn', 'wn', 'wn', 'wn']","['Pardon', 0, 1, 2, 4, 4]","['fn', 1, 0, 0, 2, 2]","['fn', 1, 0, 0, 2, 2]","['fn', 27, 10, 10, 13, 13]",1.0,0.0
move,carry,"['wn', 'wn', 'wn', 'wn', 'wn', 'wn', 'wn', 'wn', 'wn', 'wn', 'wn', 'wn', 'wn', 'wn', 'wn', 'wn']","[5, 5, 5, 5, 5, 5, 5, 5, 5, 5, 5, 5, 5, 5, 5, 5]","[0, 0, 0, 0, 0, 0, 0, 0, 0, 0, 0, 0, 0, 0, 0, 0]","[25431, 25431, 25431, 25431, 25431, 25431, 25431, 25431, 25431, 25431, 25431, 25431, 25431, 25431, 25431, 25431]","[61156, 61156, 61156, 61156, 61156, 61156, 61156, 61156, 61156, 61156, 61156, 61156, 61156, 61156, 61156, 61156]",1.0,0.74117249250411987
move,travel,"['wn', 'wn', 'wn', 'wn', 'wn', 'wn', 'wn', 'wn', 'wn', 'wn', 'wn', 'wn', 'wn', 'wn', 'wn', 'wn', 'wn', 'wn', 'wn', 'wn', 'wn', 'wn', 'wn', 'wn', 'wn', 'wn', 'wn', 'wn', 'wn', 'wn', 'wn', 'wn', 'wn', 'wn', 'wn', 'wn', 'wn', 'wn', 'wn', 'wn', 'wn', 'wn', 'wn', 'wn', 'wn', 'wn', 'wn', 'wn', 'wn', 'wn']","[5, 5, 5, 5, 5, 5, 5, 5, 5, 5, 5, 5, 5, 5, 5, 5, 5, 5, 5, 5, 5, 5, 5, 5, 5, 5, 5, 5, 5, 5, 5, 5, 5, 5, 5, 5, 5, 5, 5, 5, 5, 5, 5, 5, 5, 5, 5, 5, 5, 5]","[34, 34, 2, 1, 0, 2, 1, 0, 2, 1, 0, 2, 1, 0, 2, 1, 0, 2, 1, 0, 2, 1, 0, 2, 1, 0, 2, 1, 0, 2, 1, 0, 2, 1, 0, 2, 1, 0, 2, 1, 0, 2, 1, 0, 2, 1, 0, 2, 1, 0]","[25431, 25431, 25431, 25431, 25431, 25431, 25431, 25431, 25431, 25431, 25431, 25431, 25431, 25431, 25431, 25431, 25431, 25431, 25431, 25431, 25431, 25431, 25431, 25431, 25431, 25431, 25431, 25431, 25431, 25431, 25431, 25431, 25431, 25431, 25431, 25431, 25431, 25431, 25431, 25431, 25431, 25431, 25431, 25431, 25431, 25431, 25431, 25431, 25431, 25431]","[61156, 61156, 61156, 61156, 61156, 61156, 61156, 61156, 61156, 61156, 61156, 61156, 61156, 61156, 61156, 61156, 61156, 61156, 61156, 61156, 61156, 61156, 61156, 61156, 61156, 61156, 61156, 61156, 61156, 61156, 61156, 61156, 61156, 61156, 61156, 61156, 61156, 61156, 61156, 61156, 61156, 61156, 61156, 61156, 61156, 61156, 61156, 61156, 61156, 61156]",1.0,0.74032235145568848
move,walk,"['wn', 'wn', 'wn', 'wn', 'wn', 'wn', 'wn', 'wn', 'wn', 'wn', 'wn', 'wn', 'wn', 'wn', 'wn', 'wn', 'wn', 'wn', 'wn', 'wn', 'wn', 'wn', 'wn', 'wn', 'wn', 'wn', 'wn', 'wn', 'wn', 'wn', 'wn', 'wn', 'wn', 'wn', 'wn', 'wn', 'wn', 'wn', 'wn', 'wn', 'wn', 'wn', 'wn', 'wn', 'wn', 'wn', 'wn', 'wn', 'wn', 'wn', 'wn', 'wn', 'wn', 'wn', 'wn', 'wn', 'wn', 'wn', 'wn', 'wn', 'wn', 'wn', 'wn', 'wn', 'wn', 'wn', 'wn', 'wn', 'wn', 'wn', 'wn', 'wn', 'wn', 'wn', 'wn', 'wn', 'wn', 'wn', 'wn', 'wn', 'wn', 'wn', 'wn', 'wn', 'wn', 'wn', 'wn', 'wn', 'wn', 'wn', 'wn', 'wn', 'wn', 'wn', 'wn', 'wn', 'wn', 'wn', 'wn', 'wn', 'wn', 'wn', 'wn', 'wn', 'wn', 'wn', 'wn', 'wn', 'wn', 'wn', 'wn', 'wn', 'wn', 'wn', 'wn', 'wn', 'wn', 'wn', 'wn', 'wn', 'wn', 'wn', 'wn', 'wn', 'wn', 'wn', 'wn', 'wn']","[5, 5, 5, 5, 5, 5, 5, 5, 5, 5, 5, 5, 5, 5, 5, 5, 5, 5, 5, 5, 5, 5, 5, 5, 5, 5, 5, 5, 5, 5, 5, 5, 5, 5, 5, 5, 5, 5, 5, 5, 5, 5, 5, 5, 5, 5, 5, 5, 5, 5, 5, 5, 5, 5, 5, 5, 5, 5, 5, 5, 5, 5, 5, 5, 5, 5, 5, 5, 5, 5, 5, 5, 5, 5, 5, 5, 5, 5, 5, 5, 5, 5, 5, 5, 5, 5, 5, 5, 5, 5, 5, 5, 5, 5, 5, 5, 5, 5, 5, 5, 5, 5, 5, 5, 5, 5, 5, 5, 5, 5, 5, 5, 5, 5, 5, 5, 5, 5, 5, 5, 5, 5, 5, 5, 5, 5, 5, 5]","[184, 184, 184, 184, 0, 0, 0, 0, 184, 184, 184, 184, 0, 0, 0, 0, 184, 184, 184, 184, 0, 0, 0, 0, 184, 184, 184, 184, 0, 0, 0, 0, 184, 184, 184, 184, 0, 0, 0, 0, 184, 184, 184, 184, 0, 0, 0, 0, 184, 184, 184, 184, 0, 0, 0, 0, 184, 184, 184, 184, 0, 0, 0, 0, 184, 184, 184, 184, 0, 0, 0, 0, 184, 184, 184, 184, 0, 0, 0, 0, 184, 184, 184, 184, 0, 0, 0, 0, 184, 184, 184, 184, 0, 0, 0, 0, 184, 184, 184, 184, 0, 0, 0, 0, 184, 184, 184, 184, 0, 0, 0, 0, 184, 184, 184, 184, 0, 0, 0, 0, 184, 184, 184, 184, 0, 0, 0, 0]","[25431, 25431, 25431, 25431, 25431, 25431, 25431, 25431, 25431, 25431, 25431, 25431, 25431, 25431, 25431, 25431, 25431, 25431, 25431, 25431, 25431, 25431, 25431, 25431, 25431, 25431, 25431, 25431, 25431, 25431, 25431, 25431, 25431, 25431, 25431, 25431, 25431, 25431, 25431, 25431, 25431, 25431, 25431, 25431, 25431, 25431, 25431, 25431, 25431, 25431, 25431, 25431, 25431, 25431, 25431, 25431, 25431, 25431, 25431, 25431, 25431, 25431, 25431, 25431, 25431, 25431, 25431, 25431, 25431, 25431, 25431, 25431, 25431, 25431, 25431, 25431, 25431, 25431, 25431, 25431, 25431, 25431, 25431, 25431, 25431, 25431, 25431, 25431, 25431, 25431, 25431, 25431, 25431, 25431, 25431, 25431, 25431, 25431, 25431, 25431, 25431, 25431, 25431, 25431, 25431, 25431, 25431, 25431, 25431, 25431, 25431, 25431, 25431, 25431, 25431, 25431, 25431, 25431, 25431, 25431, 25431, 25431, 25431, 25431, 25431, 25431, 25431, 25431]","[61156, 61156, 61156, 61156, 61156, 61156, 61156, 61156, 61156, 61156, 61156, 61156, 61156, 61156, 61156, 61156, 61156, 61156, 61156, 61156, 61156, 61156, 61156, 61156, 61156, 61156, 61156, 61156, 61156, 61156, 61156, 61156, 61156, 61156, 61156, 61156, 61156, 61156, 61156, 61156, 61156, 61156, 61156, 61156, 61156, 61156, 61156, 61156, 61156, 61156, 61156, 61156, 61156, 61156, 61156, 61156, 61156, 61156, 61156, 61156, 61156, 61156, 61156, 61156, 61156, 61156, 61156, 61156, 61156, 61156, 61156, 61156, 61156, 61156, 61156, 61156, 61156, 61156, 61156, 61156, 61156, 61156, 61156, 61156, 61156, 61156, 61156, 61156, 61156, 61156, 61156, 61156, 61156, 61156, 61156, 61156, 61156, 61156, 61156, 61156, 61156, 61156, 61156, 61156, 61156, 61156, 61156, 61156, 61156, 61156, 61156, 61156, 61156, 61156, 61156, 61156, 61156, 61156, 61156, 61156, 61156, 61156, 61156, 61156, 61156, 61156, 61156, 61156]",0.625,0.68009290099143982
move,fly,"['wn', 'wn', 'wn', 'wn', 'wn', 'wn', 'wn', 'wn', 'wn', 'wn', 'wn', 'wn', 'wn', 'wn', 'wn', 'wn']","[5, 5, 5, 5, 5, 5, 5, 5, 5, 5, 5, 5, 5, 5, 5, 5]","[33, 33, 33, 33, 33, 33, 33, 33, 33, 33, 33, 33, 33, 33, 33, 33]","[25431, 25431, 25431, 25431, 25431, 25431, 25431, 25431, 25431, 25431, 25431, 25431, 25431, 25431, 25431, 25431]","[61156, 61156, 61156, 61156, 61156, 61156, 61156, 61156, 61156, 61156, 61156, 61156, 61156, 61156, 61156, 61156]",0.75,0.73013067245483398
move,drift,"['wn', 'wn', 'wn', 'wn', 'wn', 'wn', 'wn', 'wn', 'wn', 'wn', 'wn', 'wn', 'wn', 'wn', 'wn', 'wn', 'wn', 'wn', 'wn', 'wn', 'wn', 'wn', 'wn', 'wn', 'wn', 'wn', 'wn', 'wn', 'wn', 'wn', 'wn', 'wn']","[5, 5, 5, 5, 5, 5, 5, 5, 5, 5, 5, 5, 5, 5, 5, 5, 5, 5, 5, 5, 5, 5, 5, 5, 5, 5, 5, 5, 5, 5, 5, 5]","[6, 3, 6, 3, 6, 3, 6, 3, 6, 3, 6, 3, 6, 3, 6, 3, 6, 3, 6, 3, 6, 3, 6, 3, 6, 3, 6, 3, 6, 3, 6, 3]","[25431, 25431, 25431, 25431, 25431, 25431, 25431, 25431, 25431, 25431, 25431, 25431, 25431, 25431, 25431, 25431, 25431, 25431, 25431, 25431, 25431, 25431, 25431, 25431, 25431, 25431, 25431, 25431, 25431, 25431, 25431, 25431]","[61156, 61156, 61156, 61156, 61156, 61156, 61156, 61156, 61156, 61156, 61156, 61156, 61156, 61156, 61156, 61156, 61156, 61156, 61156, 61156, 61156, 61156, 61156, 61156, 61156, 61156, 61156, 61156, 61156, 61156, 61156, 61156]",1.0,0.61501315236091614
move,coming,"['wn', 'wn', 'wn', 'wn', 'wn', 'wn', 'wn', 'wn', 'wn', 'wn', 'wn', 'wn', 'wn', 'wn', 'wn', 'wn']","[5, 5, 5, 5, 5, 5, 5, 5, 5, 5, 5, 5, 5, 5, 5, 5]","[276, 276, 276, 276, 276, 276, 276, 276, 276, 276, 276, 276, 276, 276, 276, 276]","[25431, 25431, 25431, 25431, 25431, 25431, 25431, 25431, 25431, 25431, 25431, 25431, 25431, 25431, 25431, 25431]","[61156, 61156, 61156, 61156, 61156, 61156, 61156, 61156, 61156, 61156, 61156, 61156, 61156, 61156, 61156, 61156]",0.5,0.596596360206604
move,crawl,"['wn', 'wn', 'wn', 'wn', 'wn', 'wn', 'wn', 'wn', 'wn', 'wn', 'wn', 'wn', 'wn', 'wn', 'wn', 'wn', 'wn', 'wn', 'wn', 'wn', 'wn', 'wn', 'wn', 'wn', 'wn', 'wn', 'wn', 'wn', 'wn', 'wn', 'wn', 'wn']","[5, 5, 5, 5, 5, 5, 5, 5, 5, 5, 5, 5, 5, 5, 5, 5, 5, 5, 5, 5, 5, 5, 5, 5, 5, 5, 5, 5, 5, 5, 5, 5]","[32, 32, 32, 32, 32, 32, 32, 32, 32, 32, 32, 32, 32, 32, 32, 32, 32, 32, 32, 32, 32, 32, 32, 32, 32, 32, 32, 32, 32, 32, 32, 32]","[25431, 25431, 25431, 25431, 25431, 25431, 25431, 25431, 25431, 25431, 25431, 25431, 25431, 25431, 25431, 25431, 25431, 25431, 25431, 25431, 25431, 25431, 25431, 25431, 25431, 25431, 25431, 25431, 25431, 25431, 25431, 25431]","[61156, 61156, 61156, 61156, 61156, 61156, 61156, 61156, 61156, 61156, 61156, 61156, 61156, 61156, 61156, 61156, 61156, 61156, 61156, 61156, 61156, 61156, 61156, 61156, 61156, 61156, 61156, 61156, 61156, 61156, 61156, 61156]",1.0,0.72566288709640503
move,advance,"['wn', 'wn', 'wn', 'wn', 'wn', 'wn', 'wn', 'wn', 'wn', 'wn', 'wn', 'wn', 'wn', 'wn', 'wn', 'wn', 'wn', 'wn', 'wn', 'wn', 'wn', 'wn', 'wn', 'wn', 'wn', 'wn', 'wn', 'wn', 'wn', 'wn', 'wn', 'wn']","[5, 5, 5, 5, 5, 5, 5, 5, 5, 5, 5, 5, 5, 5, 5, 5, 5, 5, 5, 5, 5, 5, 5, 5, 5, 5, 5, 5, 5, 5, 5, 5]","[7, 7, 7, 7, 7, 7, 7, 7, 7, 7, 7, 7, 7, 7, 7, 7, 7, 7, 7, 7, 7, 7, 7, 7, 7, 7, 7, 7, 7, 7, 7, 7]","[25431, 25431, 25431, 25431, 25431, 25431, 25431, 25431, 25431, 25431, 25431, 25431, 25431, 25431, 25431, 25431, 25431, 25431, 25431, 25431, 25431, 25431, 25431, 25431, 25431, 25431, 25431, 25431, 25431, 25431, 25431, 25431]","[61156, 61156, 61156, 61156, 61156, 61156, 61156, 61156, 61156, 61156, 61156, 61156, 61156, 61156, 61156, 61156, 61156, 61156, 61156, 61156, 61156, 61156, 61156, 61156, 61156, 61156, 61156, 61156, 61156, 61156, 61156, 61156]",0.5333333333333333,0.7409188449382782
move,rush,"['wn', 'wn', 'wn', 'wn', 'wn', 'wn', 'wn', 'wn', 'wn', 'wn', 'wn', 'wn', 'wn', 'wn', 'wn', 'wn']","[5, 5, 5, 5, 5, 5, 5, 5, 5, 5, 5, 5, 5, 5, 5, 5]","[20, 20, 20, 20, 20, 20, 20, 20, 20, 20, 20, 20, 20, 20, 20, 20]","[25431, 25431, 25431, 25431, 25431, 25431, 25431, 25431, 25431, 25431, 25431, 25431, 25431, 25431, 25431, 25431]","[61156, 61156, 61156, 61156, 61156, 61156, 61156, 61156, 61156, 61156, 61156, 61156, 61156, 61156, 61156, 61156]",0.8,0.70969861745834351
move,push,"['wn', 'wn', 'wn', 'wn', 'wn', 'wn', 'wn', 'wn', 'wn', 'wn', 'wn', 'wn', 'wn', 'wn', 'wn', 'wn']","[5, 5, 5, 5, 5, 5, 5, 5, 5, 5, 5, 5, 5, 5, 5, 5]","[0, 0, 0, 0, 0, 0, 0, 0, 0, 0, 0, 0, 0, 0, 0, 0]","[25431, 25431, 25431, 25431, 25431, 25431, 25431, 25431, 25431, 25431, 25431, 25431, 25431, 25431, 25431, 25431]","[61156, 61156, 61156, 61156, 61156, 61156, 61156, 61156, 61156, 61156, 61156, 61156, 61156, 61156, 61156, 61156]",0.8,0.42671537399291992
hearing,hearing,"['wn', 'wn']","[0, 8]","[10, 12]","[10, 12]","[79, 957]",0.5263157894736842,-1.1920928955078125e-07
indict,charge,['fn'],['Notification_of_charges'],['fn'],['fn'],['fn'],fn,0.7102208137512207
indict,indictment,"['fn', 'wn', 'wn']","['Notification_of_charges', 0, 0]","['fn', 2, 2]","['fn', 2, 2]","['fn', 3, 3]",1.0,0.55657076835632324
close,close,['wn'],[5],[18],[35],[411],1.0,1.1920927533992653e-07
fine,damages,['fn'],['Fining'],['fn'],['fn'],['fn'],fn,0.71375982247351544
quit,defection,['fn'],['Quitting'],['fn'],['fn'],['fn'],fn,0.70577514171600342
quit,retirement,"['wn', 'wn', 'wn', 'wn', 'wn', 'wn', 'wn', 'wn', 'wn', 'wn', 'wn', 'wn', 'wn', 'wn', 'wn', 'wn', 'wn', 'wn', 'wn', 'wn', 'wn', 'wn', 'wn', 'wn', 'wn', 'wn', 'wn', 'wn', 'wn', 'wn', 'wn', 'wn']","[1, 1, 1, 1, 1, 1, 1, 1, 1, 1, 1, 1, 1, 1, 1, 1, 1, 1, 1, 1, 1, 1, 1, 1, 1, 1, 1, 1, 1, 1, 1, 1]","[18, 18, 18, 18, 18, 18, 18, 18, 18, 18, 18, 18, 18, 18, 18, 18, 18, 18, 18, 18, 18, 18, 18, 18, 18, 18, 18, 18, 18, 18, 18, 18]","[530, 530, 530, 530, 530, 530, 530, 530, 530, 530, 530, 530, 530, 530, 530, 530, 530, 530, 530, 530, 530, 530, 530, 530, 530, 530, 530, 530, 530, 530, 530, 530]","[470, 470, 470, 470, 470, 470, 470, 470, 470, 470, 470, 470, 470, 470, 470, 470, 470, 470, 470, 470, 470, 470, 470, 470, 470, 470, 470, 470, 470, 470, 470, 470]",1.0,0.6394925498659938
quit,resignation,"['wn', 'wn', 'wn', 'wn', 'wn', 'wn', 'wn', 'wn', 'wn', 'wn', 'wn', 'wn', 'wn', 'wn', 'wn', 'wn', 'wn', 'wn']","[1, 1, 1, 1, 1, 1, 1, 1, 1, 1, 1, 1, 1, 1, 1, 1, 1, 1]","[0, 0, 9, 9, 9, 9, 9, 9, 9, 9, 9, 9, 9, 9, 9, 9, 9, 9]","[530, 530, 530, 530, 530, 530, 530, 530, 530, 530, 530, 530, 530, 530, 530, 530, 530, 530]","[470, 470, 470, 470, 470, 470, 470, 470, 470, 470, 470, 470, 470, 470, 470, 470, 470, 470]",0.6666666666666666,0.48696255683898926
sue,litigation,['wn'],[1],[0],[8],[658],1.0,0.62954089817648518
extradite,deportee,['wn'],[0],[0],[2],[73],1.0,0.65642536618860758
divorce,divorce,"['wn', 'wn']","[0, 2]","[8, 2]","[8, 2]","[30, 39]",1.0,0.0
arrest,cop,['wn'],[2],[0],[28],[176],1.0,0.73655840754508972
arrest,bust,['fn'],['Arrest'],['fn'],['fn'],['fn'],fn,0.68111738562583923
arrest,arrest,"['fn', 'wn', 'wn']","['Arrest', 0, 2]","['fn', 5, 20]","['fn', 5, 28]","['fn', 96, 176]",1.0,-1.1920928955078125e-07
attack,bomb,"['wn', 'wn', 'wn', 'wn', 'wn', 'wn', 'wn', 'wn', 'wn', 'wn', 'wn', 'wn', 'wn', 'wn', 'wn']","[9, 9, 9, 9, 9, 9, 9, 9, 9, 9, 9, 9, 9, 9, 9]","[3, 3, 3, 3, 3, 3, 3, 3, 3, 3, 3, 3, 3, 3, 3]","[502, 502, 502, 502, 502, 502, 502, 502, 502, 502, 502, 502, 502, 502, 502]","[1267, 1267, 1267, 1267, 1267, 1267, 1267, 1267, 1267, 1267, 1267, 1267, 1267, 1267, 1267]",0.8888888888888888,0.59156735639961289
attack,onslaught,"['fn', 'wn']","['Attack', 0]","['fn', 2]","['fn', 837]","['fn', 1033]",0.5,0.51070377103045339
attack,bomber,"['wn', 'wn', 'wn', 'wn', 'wn', 'wn', 'wn', 'wn', 'wn', 'wn', 'wn', 'wn', 'wn', 'wn', 'wn', 'wn', 'wn', 'wn', 'wn', 'wn', 'wn', 'wn', 'wn', 'wn', 'wn', 'wn', 'wn', 'wn', 'wn', 'wn']","[9, 9, 9, 9, 9, 9, 9, 9, 9, 9, 9, 9, 9, 9, 9, 9, 9, 9, 9, 9, 9, 9, 9, 9, 9, 9, 9, 9, 9, 9]","[3, 3, 3, 3, 3, 3, 3, 3, 3, 3, 3, 3, 3, 3, 3, 3, 3, 3, 3, 3, 3, 3, 3, 3, 3, 3, 3, 3, 3, 3]","[502, 502, 502, 502, 502, 502, 502, 502, 502, 502, 502, 502, 502, 502, 502, 502, 502, 502, 502, 502, 502, 502, 502, 502, 502, 502, 502, 502, 502, 502]","[1267, 1267, 1267, 1267, 1267, 1267, 1267, 1267, 1267, 1267, 1267, 1267, 1267, 1267, 1267, 1267, 1267, 1267, 1267, 1267, 1267, 1267, 1267, 1267, 1267, 1267, 1267, 1267, 1267, 1267]",1.0,0.67113677607336331
attack,bombing,"['fn', 'wn', 'wn', 'wn', 'wn', 'wn', 'wn', 'wn', 'wn', 'wn', 'wn', 'wn', 'wn', 'wn', 'wn', 'wn', 'wn', 'wn', 'wn', 'wn', 'wn', 'wn', 'wn', 'wn', 'wn', 'wn', 'wn', 'wn', 'wn', 'wn', 'wn', 'wn']","['Attack', 0, 0, 0, 0, 0, 0, 0, 0, 0, 0, 0, 0, 0, 0, 0, 0, 9, 9, 9, 9, 9, 9, 9, 9, 9, 9, 9, 9, 9, 9, 9]","['fn', 2, 2, 2, 2, 2, 2, 2, 2, 2, 2, 2, 2, 2, 2, 2, 2, 3, 3, 3, 3, 3, 3, 3, 3, 3, 3, 3, 3, 3, 3, 3]","['fn', 837, 837, 837, 837, 837, 837, 837, 837, 837, 837, 837, 837, 837, 837, 837, 837, 502, 502, 502, 502, 502, 502, 502, 502, 502, 502, 502, 502, 502, 502, 502]","['fn', 1033, 1033, 1033, 1033, 1033, 1033, 1033, 1033, 1033, 1033, 1033, 1033, 1033, 1033, 1033, 1033, 1267, 1267, 1267, 1267, 1267, 1267, 1267, 1267, 1267, 1267, 1267, 1267, 1267, 1267, 1267]",1.0,0.42223043176765063
attack,offensive,['fn'],['Attack'],['fn'],['fn'],['fn'],fn,0.55983700634992051
attack,attack,"['fn', 'wn', 'wn', 'wn']","['Attack', 0, 9, 14]","['fn', 17, 22, 0]","['fn', 837, 502, 0]","['fn', 1033, 1267, 160]",0.6296296296296297,1.4210854715202004e-14
attack,counterattack,"['wn', 'wn', 'wn', 'wn', 'wn', 'wn', 'wn', 'wn', 'wn', 'wn', 'wn', 'wn', 'wn', 'wn', 'wn', 'wn', 'wn', 'wn', 'wn', 'wn', 'wn', 'wn', 'wn', 'wn', 'wn', 'wn', 'wn', 'wn', 'wn', 'wn', 'wn']","[0, 0, 0, 0, 0, 0, 0, 0, 0, 0, 0, 0, 0, 0, 0, 0, 9, 9, 9, 9, 9, 9, 9, 9, 9, 9, 9, 9, 9, 9, 9]","[1, 1, 1, 1, 1, 1, 1, 1, 1, 1, 1, 1, 1, 1, 1, 1, 1, 1, 1, 1, 1, 1, 1, 1, 1, 1, 1, 1, 1, 1, 1]","[837, 837, 837, 837, 837, 837, 837, 837, 837, 837, 837, 837, 837, 837, 837, 837, 502, 502, 502, 502, 502, 502, 502, 502, 502, 502, 502, 502, 502, 502, 502]","[1033, 1033, 1033, 1033, 1033, 1033, 1033, 1033, 1033, 1033, 1033, 1033, 1033, 1033, 1033, 1033, 1267, 1267, 1267, 1267, 1267, 1267, 1267, 1267, 1267, 1267, 1267, 1267, 1267, 1267, 1267]",1.0,0.47946876532211713
attack,raid,"['fn', 'wn', 'wn', 'wn', 'wn', 'wn', 'wn', 'wn', 'wn', 'wn', 'wn', 'wn', 'wn', 'wn', 'wn', 'wn']","['Attack', 9, 9, 9, 9, 9, 9, 9, 9, 9, 9, 9, 9, 9, 9, 9]","['fn', 2, 2, 2, 2, 2, 2, 2, 2, 2, 2, 2, 2, 2, 2, 2]","['fn', 502, 502, 502, 502, 502, 502, 502, 502, 502, 502, 502, 502, 502, 502, 502]","['fn', 1267, 1267, 1267, 1267, 1267, 1267, 1267, 1267, 1267, 1267, 1267, 1267, 1267, 1267, 1267]",1.0,0.49704667943437464
attack,attacker,"['fn', 'wn', 'wn']","['Attack', 9, 14]","['fn', 22, 0]","['fn', 502, 0]","['fn', 1267, 160]",1.0,0.59716891084087953
attack,assault,['fn'],['Attack'],['fn'],['fn'],['fn'],fn,0.40299023354169927
attack,invasion,"['wn', 'wn', 'wn', 'wn', 'wn', 'wn', 'wn', 'wn', 'wn', 'wn', 'wn', 'wn', 'wn', 'wn', 'wn']","[9, 9, 9, 9, 9, 9, 9, 9, 9, 9, 9, 9, 9, 9, 9]","[7, 7, 7, 7, 7, 7, 7, 7, 7, 7, 7, 7, 7, 7, 7]","[502, 502, 502, 502, 502, 502, 502, 502, 502, 502, 502, 502, 502, 502, 502]","[1267, 1267, 1267, 1267, 1267, 1267, 1267, 1267, 1267, 1267, 1267, 1267, 1267, 1267, 1267]",0.75,0.62552075081816305
attack,firing,"['wn', 'wn', 'wn', 'wn', 'wn', 'wn', 'wn', 'wn', 'wn', 'wn', 'wn', 'wn', 'wn', 'wn', 'wn', 'wn']","[0, 0, 0, 0, 0, 0, 0, 0, 0, 0, 0, 0, 0, 0, 0, 0]","[8, 8, 8, 8, 8, 8, 8, 8, 8, 8, 8, 8, 8, 8, 8, 8]","[837, 837, 837, 837, 837, 837, 837, 837, 837, 837, 837, 837, 837, 837, 837, 837]","[1033, 1033, 1033, 1033, 1033, 1033, 1033, 1033, 1033, 1033, 1033, 1033, 1033, 1033, 1033, 1033]",0.5714285714285714,0.66291346174994104
attack,ambush,['fn'],['Attack'],['fn'],['fn'],['fn'],fn,0.48923528322752918
convict,convict,"['wn', 'wn']","[2, 2]","[11, 11]","[11, 11]","[30, 30]",1.0,5.9604644775390625e-08
manufacture,manufacture,"['fn', 'wn', 'wn', 'wn', 'wn']","['Manufacturing', 0, 1, 2, 2]","['fn', 2, 0, 3, 3]","['fn', 47, 66, 8, 8]","['fn', 914, 208, 121, 121]",1.0,5.9604644775390625e-08
manufacture,manufacturing,"['fn', 'wn']","['Manufacturing', 1]","['fn', 2]","['fn', 66]","['fn', 208]",1.0,0.38575506210327148
manufacture,maker,['fn'],['Manufacturing'],['fn'],['fn'],['fn'],fn,0.59831676473121431
manufacture,manufacturer,"['fn', 'wn', 'wn']","['Manufacturing', 2, 2]","['fn', 3, 3]","['fn', 8, 8]","['fn', 121, 121]",1.0,0.4362027645111084
buy,purchase,"['wn', 'wn']","[1, 1]","[34, 34]","[328, 328]","[4302, 4302]",0.9166666666666666,0.23600955224094111
buy,buyer,['wn'],[1],[102],[328],[4302],1.0,0.56140217185020447
buy,buying,['wn'],[1],[102],[328],[4302],1.0,0.27908128499984741
execute,execution,"['fn', 'wn']","['Execution', 0]","['fn', 2]","['fn', 214]","['fn', 284]",0.6666666666666666,0.35417580604553223
broadcast,broadcast,['wn'],[0],[3],[3],[30],1.0,0.0
birth,calving,"['fn', 'wn', 'wn', 'wn', 'wn', 'wn', 'wn', 'wn', 'wn', 'wn', 'wn', 'wn', 'wn', 'wn', 'wn', 'wn', 'wn']","['Birth', 2, 2, 2, 2, 2, 2, 2, 2, 2, 2, 2, 2, 2, 2, 2, 2]","['fn', 3, 3, 3, 3, 3, 3, 3, 3, 3, 3, 3, 3, 3, 3, 3, 3]","['fn', 177, 177, 177, 177, 177, 177, 177, 177, 177, 177, 177, 177, 177, 177, 177, 177]","['fn', 263, 263, 263, 263, 263, 263, 263, 263, 263, 263, 263, 263, 263, 263, 263, 263]",1.0,0.66148851284316257
birth,lambing,['fn'],['Birth'],['fn'],['fn'],['fn'],fn,0.72183710336685181
birth,hatching,"['wn', 'wn', 'wn', 'wn', 'wn', 'wn', 'wn', 'wn', 'wn', 'wn', 'wn', 'wn', 'wn', 'wn', 'wn', 'wn']","[2, 2, 2, 2, 2, 2, 2, 2, 2, 2, 2, 2, 2, 2, 2, 2]","[3, 3, 3, 3, 3, 3, 3, 3, 3, 3, 3, 3, 3, 3, 3, 3]","[177, 177, 177, 177, 177, 177, 177, 177, 177, 177, 177, 177, 177, 177, 177, 177]","[263, 263, 263, 263, 263, 263, 263, 263, 263, 263, 263, 263, 263, 263, 263, 263]",1.0,0.74386560916900635
birth,egg_laying,"['wn', 'wn', 'wn', 'wn', 'wn', 'wn', 'wn', 'wn', 'wn', 'wn', 'wn', 'wn', 'wn', 'wn', 'wn', 'wn']","[2, 2, 2, 2, 2, 2, 2, 2, 2, 2, 2, 2, 2, 2, 2, 2]","[1, 1, 1, 1, 1, 1, 1, 1, 1, 1, 1, 1, 1, 1, 1, 1]","[177, 177, 177, 177, 177, 177, 177, 177, 177, 177, 177, 177, 177, 177, 177, 177]","[263, 263, 263, 263, 263, 263, 263, 263, 263, 263, 263, 263, 263, 263, 263, 263]",1.0,0.74505740404129028
birth,twin,"['wn', 'wn', 'wn', 'wn', 'wn', 'wn', 'wn', 'wn', 'wn', 'wn', 'wn', 'wn', 'wn', 'wn', 'wn']","[5, 5, 5, 5, 5, 5, 5, 5, 5, 5, 5, 5, 5, 5, 5]","[0, 0, 0, 0, 0, 0, 0, 0, 0, 0, 0, 0, 0, 0, 0]","[22, 22, 22, 22, 22, 22, 22, 22, 22, 22, 22, 22, 22, 22, 22]","[13274, 13274, 13274, 13274, 13274, 13274, 13274, 13274, 13274, 13274, 13274, 13274, 13274, 13274, 13274]",1.0,0.66875758767127991
birth,birth,"['fn', 'wn', 'wn', 'wn', 'wn', 'wn', 'wn', 'wn']","['Birth', 0, 1, 2, 4, 5, 5, 5]","['fn', 6, 2, 1, 0, 0, 0, 0]","['fn', 6, 2, 177, 0, 22, 22, 22]","['fn', 71, 91, 263, 62, 13274, 13274, 13274]",1.0,-1.1920928955078125e-07
birth,pup,"['wn', 'wn', 'wn', 'wn', 'wn', 'wn', 'wn', 'wn', 'wn', 'wn', 'wn', 'wn', 'wn', 'wn', 'wn']","[5, 5, 5, 5, 5, 5, 5, 5, 5, 5, 5, 5, 5, 5, 5]","[0, 0, 0, 0, 0, 0, 0, 0, 0, 0, 0, 0, 0, 0, 0]","[22, 22, 22, 22, 22, 22, 22, 22, 22, 22, 22, 22, 22, 22, 22]","[13274, 13274, 13274, 13274, 13274, 13274, 13274, 13274, 13274, 13274, 13274, 13274, 13274, 13274, 13274]",1.0,0.72623527050018311
hire,contract,"['wn', 'wn', 'wn', 'wn', 'wn', 'wn', 'wn', 'wn', 'wn', 'wn', 'wn', 'wn', 'wn', 'wn', 'wn', 'wn']","[2, 2, 2, 2, 2, 2, 2, 2, 2, 2, 2, 2, 2, 2, 2, 2]","[3, 3, 3, 3, 3, 3, 3, 3, 3, 3, 3, 3, 3, 3, 3, 3]","[225, 225, 225, 225, 225, 225, 225, 225, 225, 225, 225, 225, 225, 225, 225, 225]","[1365, 1365, 1365, 1365, 1365, 1365, 1365, 1365, 1365, 1365, 1365, 1365, 1365, 1365, 1365, 1365]",0.9047619047619048,0.71520172266949666
hire,employer,['wn'],[2],[14],[225],[1365],1.0,0.71894583476235452
hire,employ,['wn'],[2],[14],[225],[1365],1.0,0.38909829984923605
hire,employee,['wn'],[2],[14],[225],[1365],1.0,0.74243226737591417
die,suffocation,"['fn', 'wn', 'wn', 'wn', 'wn', 'wn', 'wn', 'wn', 'wn', 'wn', 'wn', 'wn', 'wn', 'wn', 'wn', 'wn', 'wn']","['Death', 3, 3, 3, 3, 3, 3, 3, 3, 3, 3, 3, 3, 3, 3, 3, 3]","['fn', 0, 0, 0, 0, 0, 0, 0, 0, 0, 0, 0, 0, 0, 0, 0, 0]","['fn', 300, 300, 300, 300, 300, 300, 300, 300, 300, 300, 300, 300, 300, 300, 300, 300]","['fn', 2446, 2446, 2446, 2446, 2446, 2446, 2446, 2446, 2446, 2446, 2446, 2446, 2446, 2446, 2446, 2446]",1.0,0.59281185822557558
die,death,"['fn', 'wn', 'wn', 'wn', 'wn', 'wn']","['Death', 3, 3, 3, 3, 3]","['fn', 141, 141, 141, 141, 141]","['fn', 300, 300, 300, 300, 300]","['fn', 2446, 2446, 2446, 2446, 2446]",0.8818897637795275,0.52110257870570287
die,Death,['wn'],[3],[141],[300],[2446],1.0,0.68892232709660095
die,starvation,['fn'],['Death'],['fn'],['fn'],['fn'],fn,0.559300992447197
die,mortality,['fn'],['Death'],['fn'],['fn'],['fn'],fn,0.66711447638955579
marry,wedding,"['wn', 'wn']","[0, 1]","[3, 0]","[68, 2]","[253, 263]",1.0,0.46606877243928746
marry,intermarriage,"['wn', 'wn', 'wn', 'wn', 'wn', 'wn', 'wn', 'wn', 'wn', 'wn', 'wn', 'wn', 'wn', 'wn', 'wn', 'wn', 'wn', 'wn', 'wn', 'wn', 'wn', 'wn', 'wn', 'wn', 'wn', 'wn', 'wn', 'wn', 'wn', 'wn', 'wn', 'wn']","[0, 0, 0, 0, 0, 0, 0, 0, 0, 0, 0, 0, 0, 0, 0, 0, 0, 0, 0, 0, 0, 0, 0, 0, 0, 0, 0, 0, 0, 0, 0, 0]","[0, 0, 0, 0, 0, 0, 0, 0, 0, 0, 0, 0, 0, 0, 0, 0, 0, 0, 0, 0, 0, 0, 0, 0, 0, 0, 0, 0, 0, 0, 0, 0]","[68, 68, 68, 68, 68, 68, 68, 68, 68, 68, 68, 68, 68, 68, 68, 68, 68, 68, 68, 68, 68, 68, 68, 68, 68, 68, 68, 68, 68, 68, 68, 68]","[253, 253, 253, 253, 253, 253, 253, 253, 253, 253, 253, 253, 253, 253, 253, 253, 253, 253, 253, 253, 253, 253, 253, 253, 253, 253, 253, 253, 253, 253, 253, 253]",1.0,0.7228623729102106
injure,electrocution,['fn'],['Cause_harm'],['fn'],['fn'],['fn'],fn,0.71954734804943909
injure,bruise,"['wn', 'wn', 'wn', 'wn', 'wn', 'wn', 'wn', 'wn', 'wn', 'wn', 'wn', 'wn', 'wn', 'wn', 'wn', 'wn']","[0, 0, 0, 0, 0, 0, 0, 0, 0, 0, 0, 0, 0, 0, 0, 0]","[2, 2, 2, 2, 2, 2, 2, 2, 2, 2, 2, 2, 2, 2, 2, 2]","[897, 897, 897, 897, 897, 897, 897, 897, 897, 897, 897, 897, 897, 897, 897, 897]","[2131, 2131, 2131, 2131, 2131, 2131, 2131, 2131, 2131, 2131, 2131, 2131, 2131, 2131, 2131, 2131]",1.0,0.71026663245359845
injure,poisoning,['fn'],['Cause_harm'],['fn'],['fn'],['fn'],fn,0.72112051970484969
injure,injury,"['wn', 'wn', 'wn']","[0, 0, 0]","[12, 12, 12]","[897, 897, 897]","[2131, 2131, 2131]",1.0,0.62354235333709296
merge,merger,"['wn', 'wn']","[2, 2]","[0, 0]","[15, 15]","[104, 104]",1.0,0.36766082048416138
merge,unification,['wn'],[2],[0],[15],[104],1.0,0.6782071590423584
merge,consolidation,"['wn', 'wn', 'wn', 'wn', 'wn', 'wn', 'wn', 'wn', 'wn', 'wn', 'wn', 'wn', 'wn', 'wn', 'wn']","[2, 2, 2, 2, 2, 2, 2, 2, 2, 2, 2, 2, 2, 2, 2]","[0, 0, 0, 0, 0, 0, 0, 0, 0, 0, 0, 0, 0, 0, 0]","[15, 15, 15, 15, 15, 15, 15, 15, 15, 15, 15, 15, 15, 15, 15]","[104, 104, 104, 104, 104, 104, 104, 104, 104, 104, 104, 104, 104, 104, 104]",0.5,0.5790766179561615
nominate,nomination,"['wn', 'wn', 'wn', 'wn', 'wn', 'wn', 'wn', 'wn', 'wn', 'wn', 'wn', 'wn', 'wn', 'wn', 'wn', 'wn', 'wn', 'wn', 'wn', 'wn', 'wn', 'wn', 'wn', 'wn', 'wn', 'wn', 'wn', 'wn', 'wn', 'wn', 'wn', 'wn', 'wn', 'wn', 'wn', 'wn', 'wn', 'wn', 'wn', 'wn', 'wn', 'wn', 'wn', 'wn', 'wn', 'wn', 'wn', 'wn', 'wn', 'wn', 'wn']","[0, 0, 0, 1, 1, 1, 1, 1, 1, 1, 1, 1, 1, 1, 1, 1, 1, 1, 1, 1, 1, 1, 1, 1, 1, 1, 1, 1, 1, 1, 1, 1, 1, 1, 1, 1, 1, 1, 1, 1, 1, 1, 1, 1, 1, 1, 1, 1, 1, 1, 1]","[4, 4, 4, 4, 4, 4, 4, 4, 4, 4, 4, 4, 4, 4, 4, 4, 4, 4, 4, 4, 4, 4, 4, 4, 4, 4, 4, 4, 4, 4, 4, 4, 4, 4, 4, 4, 4, 4, 4, 4, 4, 4, 4, 4, 4, 4, 4, 4, 4, 4, 4]","[4, 4, 4, 65, 65, 65, 65, 65, 65, 65, 65, 65, 65, 65, 65, 65, 65, 65, 65, 65, 65, 65, 65, 65, 65, 65, 65, 65, 65, 65, 65, 65, 65, 65, 65, 65, 65, 65, 65, 65, 65, 65, 65, 65, 65, 65, 65, 65, 65, 65, 65]","[30, 30, 30, 154, 154, 154, 154, 154, 154, 154, 154, 154, 154, 154, 154, 154, 154, 154, 154, 154, 154, 154, 154, 154, 154, 154, 154, 154, 154, 154, 154, 154, 154, 154, 154, 154, 154, 154, 154, 154, 154, 154, 154, 154, 154, 154, 154, 154, 154, 154, 154]",1.0,0.52248320117492675
meet,conference,['fn'],['Discussion'],['fn'],['fn'],['fn'],fn,0.71388700604438782
meet,visit,"['wn', 'wn', 'wn', 'wn', 'wn', 'wn', 'wn', 'wn', 'wn', 'wn', 'wn', 'wn', 'wn', 'wn', 'wn']","[2, 2, 2, 2, 2, 2, 2, 2, 2, 2, 2, 2, 2, 2, 2]","[15, 15, 15, 15, 15, 15, 15, 15, 15, 15, 15, 15, 15, 15, 15]","[594, 594, 594, 594, 594, 594, 594, 594, 594, 594, 594, 594, 594, 594, 594]","[5060, 5060, 5060, 5060, 5060, 5060, 5060, 5060, 5060, 5060, 5060, 5060, 5060, 5060, 5060]",0.5,0.67079482426705073
meet,meeting,"['fn', 'wn', 'wn', 'wn', 'wn']","['Discussion', 1, 1, 2, 2]","['fn', 49, 49, 38, 38]","['fn', 305, 305, 594, 594]","['fn', 2343, 2343, 5060, 5060]",0.9743589743589745,0.48349463939666748
meet,rendezvous,"['wn', 'wn', 'wn', 'wn', 'wn', 'wn', 'wn', 'wn', 'wn', 'wn', 'wn', 'wn', 'wn', 'wn', 'wn', 'wn', 'wn', 'wn', 'wn', 'wn', 'wn', 'wn', 'wn', 'wn', 'wn', 'wn', 'wn', 'wn', 'wn', 'wn', 'wn', 'wn', 'wn', 'wn', 'wn', 'wn', 'wn', 'wn', 'wn', 'wn', 'wn', 'wn', 'wn', 'wn', 'wn']","[2, 2, 2, 2, 2, 2, 2, 2, 2, 2, 2, 2, 2, 2, 2, 2, 2, 2, 2, 2, 2, 2, 2, 2, 2, 2, 2, 2, 2, 2, 2, 2, 2, 2, 2, 2, 2, 2, 2, 2, 2, 2, 2, 2, 2]","[0, 0, 0, 0, 0, 0, 0, 0, 0, 0, 0, 0, 0, 0, 0, 0, 0, 0, 0, 0, 0, 0, 0, 0, 0, 0, 0, 0, 0, 0, 0, 0, 0, 0, 0, 0, 0, 0, 0, 0, 0, 0, 0, 0, 0]","[594, 594, 594, 594, 594, 594, 594, 594, 594, 594, 594, 594, 594, 594, 594, 594, 594, 594, 594, 594, 594, 594, 594, 594, 594, 594, 594, 594, 594, 594, 594, 594, 594, 594, 594, 594, 594, 594, 594, 594, 594, 594, 594, 594, 594]","[5060, 5060, 5060, 5060, 5060, 5060, 5060, 5060, 5060, 5060, 5060, 5060, 5060, 5060, 5060, 5060, 5060, 5060, 5060, 5060, 5060, 5060, 5060, 5060, 5060, 5060, 5060, 5060, 5060, 5060, 5060, 5060, 5060, 5060, 5060, 5060, 5060, 5060, 5060, 5060, 5060, 5060, 5060, 5060, 5060]",1.0,0.69990390539169312
meet,meet,['wn'],[2],[38],[594],[5060],1.0,0.0
meet,talk,['fn'],['Discussion'],['fn'],['fn'],['fn'],fn,0.67715167999267578
