PersonnelEvent.Elect,coup,nan,0,
PersonnelEvent.Elect,vest,nan,0,
PersonnelEvent.Elect,revolution,nan,0,
PersonnelEvent.Elect,elect,0,0,
PersonnelEvent.Elect,depose,nan,0,
PersonnelEvent.Elect,coronate,nan,0,
PersonnelEvent.Elect,crown,nan,0,
PersonnelEvent.Elect,election,0.99,0,
PersonnelEvent.Elect,electorate,nan,0,
PersonnelEvent.Elect,co-option,0,0,
PersonnelEvent.Elect,co-opt,0,0,
PersonnelEvent.Elect,eligible,nan,0,
PersonnelEvent.Elect,rebellion,nan,0,
PersonnelEvent.Elect,take over,nan,0,
PersonnelEvent.Elect,mutiny,nan,0,
PersonnelEvent.Elect,overthrow,nan,0,
PersonnelEvent.Elect,independence,nan,0,
PersonnelEvent.Elect,reelection,1,0,
PersonnelEvent.Elect,revolutionary,nan,0,
PersonnelEvent.Elect,insurrection,nan,0,
PersonnelEvent.Elect,topple,nan,0,
PersonnelEvent.Elect,uprising,nan,0,
PersonnelEvent.Elect,reelect,0,0,
PersonnelEvent.Elect,throne,nan,0,
PersonnelEvent.Elect,oust,nan,0,
PersonnelEvent.Elect,co-optation,1,0,
PersonnelEvent.Elect,revolt,nan,0,
PersonnelEvent.Elect,elector,1,0,
PersonnelEvent.Elect,elective,nan,0,
PersonnelEvent.Elect,install,nan,0,
PersonnelEvent.Elect,enthrone,nan,0,
PersonnelEvent.Elect,dethrone,nan,0,
JusticeEvent.Pardon,exculpate,0,0,
JusticeEvent.Pardon,exculpation,0,0,
JusticeEvent.Pardon,pardon,0,0,
JusticeEvent.Pardon,condonation,0,0,
JusticeEvent.Pardon,pardoner,0,0,
JusticeEvent.Pardon,free_pardon,nan,0,
JusticeEvent.Pardon,amnesty,0,0,
JusticeEvent.Pardon,condone,0,0,
JusticeEvent.Pardon,forgiveness,nan,0,
JusticeEvent.Sentencing,lifer,0,0,
JusticeEvent.Sentencing,prison_term,nan,0,
JusticeEvent.Sentencing,life,0,0,
JusticeEvent.Sentencing,rape_conviction,0,0,
JusticeEvent.Sentencing,life_sentence,0,0,
JusticeEvent.Sentencing,sentence,0.21,0,
JusticeEvent.Sentencing,robbery_conviction,0,0,
JusticeEvent.Sentencing,condemnation,0.43,0,
JusticeEvent.Sentencing,hard_time,0,0,
JusticeEvent.Sentencing,murder_conviction,0,0,
JusticeEvent.Sentencing,foredoom,0,0,
JusticeEvent.Sentencing,reprobation,0,0,
JusticeEvent.Sentencing,judgment_of_conviction,nan,0,
JusticeEvent.Sentencing,time,0,0,
JusticeEvent.Sentencing,send up,nan,0,
JusticeEvent.Sentencing,order,nan,0,
JusticeEvent.Sentencing,condemn,0,0,
Movement.Transport.TransportPerson,walking,0,0,
Movement.Transport.TransportPerson,go_around,0,0,
Movement.Transport.TransportPerson,cruiser,0,0,
Movement.Transport.TransportPerson,move,0.31,0,
Movement.Transport.TransportPerson,travel_rapidly,0,0,
Movement.Transport.TransportPerson,steamer,0,0,
Movement.Transport.TransportPerson,wheeling,0,0,
Movement.Transport.TransportPerson,surpass,0,0,
Movement.Transport.TransportPerson,cruise,0,0,
Movement.Transport.TransportPerson,go,nan,0,
Movement.Transport.TransportPerson,follow,0,0,
Movement.Transport.TransportPerson,precedency,0,0,
Movement.Transport.TransportPerson,rambler,0,0,
Movement.Transport.TransportPerson,rushing,0.17,0,
Movement.Transport.TransportPerson,move_up,0,0,
Movement.Transport.TransportPerson,blow,0,0,
Movement.Transport.TransportPerson,hurry,0.11,0,
Movement.Transport.TransportPerson,glide,0,0,
Movement.Transport.TransportPerson,outflank,0,0,
Movement.Transport.TransportPerson,advancement,0,0,
Movement.Transport.TransportPerson,resort,1,0,
Movement.Transport.TransportPerson,spread,0.44,0,
Movement.Transport.TransportPerson,swap,0,0,
Movement.Transport.TransportPerson,driftage,0,0,
Movement.Transport.TransportPerson,continuation,1,0,
Movement.Transport.TransportPerson,riding,0,0,
Movement.Transport.TransportPerson,circle,0.06,0,
Movement.Transport.TransportPerson,ski,0,0,
Movement.Transport.TransportPerson,crank,0,0,
Movement.Transport.TransportPerson,round,0,0,
Movement.Transport.TransportPerson,skier,0,0,
Movement.Transport.TransportPerson,swim,1,0,
Movement.Transport.TransportPerson,do,0,0,
Movement.Transport.TransportPerson,move_on,0,0,
Movement.Transport.TransportPerson,retire,0,0,
Movement.Transport.TransportPerson,return,0.47,0,
Movement.Transport.TransportPerson,tread,1,0,
Movement.Transport.TransportPerson,advancer,0,0,
Movement.Transport.TransportPerson,pull_away,0,0,
Movement.Transport.TransportPerson,ascender,0,0,
Movement.Transport.TransportPerson,swing,0.25,0,
Movement.Transport.TransportPerson,snowshoe,0,0,
Movement.Transport.TransportPerson,shuttle,0,0,
Movement.Transport.TransportPerson,bang,0.4,0,
Movement.Transport.TransportPerson,step_on_it,0,0,
Movement.Transport.TransportPerson,hie,0,0,
Movement.Transport.TransportPerson,fall,0.17,0,
Movement.Transport.TransportPerson,floater,0,0,
Movement.Transport.TransportPerson,slice_through,0,0,
Movement.Transport.TransportPerson,belt_along,0,0,
Movement.Transport.TransportPerson,roving,0,0,
Movement.Transport.TransportPerson,retreat,0,0,
Movement.Transport.TransportPerson,whisk,0,0,
Movement.Transport.TransportPerson,overfly,0,0,
Movement.Transport.TransportPerson,progression,0.25,0,
Movement.Transport.TransportPerson,go_up,0,0,
Movement.Transport.TransportPerson,tram,0,0,
Movement.Transport.TransportPerson,wend,0,0,
Movement.Transport.TransportPerson,zoom,0,0,
Movement.Transport.TransportPerson,roll,0.4,0,
Movement.Transport.TransportPerson,pullback,0,0,
Movement.Transport.TransportPerson,strayer,0,0,
Movement.Transport.TransportPerson,go_down,0,0,
Movement.Transport.TransportPerson,continue,0,0,
Movement.Transport.TransportPerson,motoring,0,0,
Movement.Transport.TransportPerson,withdrawal,0.33,0,
Movement.Transport.TransportPerson,pursuer,1,0,
Movement.Transport.TransportPerson,locomotive,nan,0,
Movement.Transport.TransportPerson,pass_on,0,0,
Movement.Transport.TransportPerson,derailment,0,0,
Movement.Transport.TransportPerson,roamer,0,0,
Movement.Transport.TransportPerson,move_around,0,0,
Movement.Transport.TransportPerson,take_the_air,0,0,
Movement.Transport.TransportPerson,skiing,0,0,
Movement.Transport.TransportPerson,ascend,0,0,
Movement.Transport.TransportPerson,procession,0,0,
Movement.Transport.TransportPerson,bounce,0,0,
Movement.Transport.TransportPerson,plough,0,0,
Movement.Transport.TransportPerson,jump,0,0,
Movement.Transport.TransportPerson,vagabond,1,0,
Movement.Transport.TransportPerson,run,0.03,0,
Movement.Transport.TransportPerson,flock,0.17,0,
Movement.Transport.TransportPerson,ascent,0,0,
Movement.Transport.TransportPerson,wander,0,0,
Movement.Transport.TransportPerson,creep,0,0,
Movement.Transport.TransportPerson,island_hop,0,0,
Movement.Transport.TransportPerson,jounce,0,0,
Movement.Transport.TransportPerson,speed,1,0,
Movement.Transport.TransportPerson,whoosh,0,0,
Movement.Transport.TransportPerson,hiss,0,0,
Movement.Transport.TransportPerson,progress,0.31,0,
Movement.Transport.TransportPerson,bucket_along,0,0,
Movement.Transport.TransportPerson,spirt,0,0,
Movement.Transport.TransportPerson,movement,0.45,0,
Movement.Transport.TransportPerson,step,0.26,0,
Movement.Transport.TransportPerson,ascendant,0,0,
Movement.Transport.TransportPerson,drifting,0,0,
Movement.Transport.TransportPerson,hurrying,0,0,
Movement.Transport.TransportPerson,transfer,0,0,
Movement.Transport.TransportPerson,pass_by,0,0,
Movement.Transport.TransportPerson,sift,0,0,
Movement.Transport.TransportPerson,flyer,0,0,
Movement.Transport.TransportPerson,pursuit,0.67,0,
Movement.Transport.TransportPerson,spurt,0,0,
Movement.Transport.TransportPerson,come,0,0,
Movement.Transport.TransportPerson,pelt_along,0,0,
Movement.Transport.TransportPerson,go_through,0,0,
Movement.Transport.TransportPerson,faller,0,0,
Movement.Transport.TransportPerson,advance,0.53,0,
Movement.Transport.TransportPerson,hasten,0,0,
Movement.Transport.TransportPerson,slither,0,0,
Movement.Transport.TransportPerson,thread,0,0,
Movement.Transport.TransportPerson,come_up,0,0,
Movement.Transport.TransportPerson,pass_over,0,0,
Movement.Transport.TransportPerson,swimmer,0,0,
Movement.Transport.TransportPerson,whine,0,0,
Movement.Transport.TransportPerson,slice_into,0,0,
Movement.Transport.TransportPerson,precede,0,0,
Movement.Transport.TransportPerson,motion,0.04,0,
Movement.Transport.TransportPerson,propagation,0,0,
Movement.Transport.TransportPerson,rush_along,0,0,
Movement.Transport.TransportPerson,circuit,0.43,0,
Movement.Transport.TransportPerson,retrograde,0,0,
Movement.Transport.TransportPerson,locomotion,0,0,
Movement.Transport.TransportPerson,crawler,0,0,
Movement.Transport.TransportPerson,whish,0,0,
Movement.Transport.TransportPerson,swimming,1,0,
Movement.Transport.TransportPerson,repair,0,0,
Movement.Transport.TransportPerson,flier,0,0,
Movement.Transport.TransportPerson,stray,1,0,
Movement.Transport.TransportPerson,caravan,1,0,
Movement.Transport.TransportPerson,float,0,0,
Movement.Transport.TransportPerson,uprise,0,0,
Movement.Transport.TransportPerson,drifter,0,0,
Movement.Transport.TransportPerson,follower,0,0,
Movement.Transport.TransportPerson,rising,0,0,
Movement.Transport.TransportPerson,motor,1,0,
Movement.Transport.TransportPerson,carry,1,0,
Movement.Transport.TransportPerson,traveler,1,0,
Movement.Transport.TransportPerson,passer,1,0,
Movement.Transport.TransportPerson,proceed,0,0,
Movement.Transport.TransportPerson,zip,0,0,
Movement.Transport.TransportPerson,tramp,0,0,
Movement.Transport.TransportPerson,automobile,1,0,
Movement.Transport.TransportPerson,flying,0,0,
Movement.Transport.TransportPerson,traveller,1,0,
Movement.Transport.TransportPerson,cannonball_along,0,0,
Movement.Transport.TransportPerson,scramble,0,0,
Movement.Transport.TransportPerson,raft,1,0,
Movement.Transport.TransportPerson,ascendable,0,0,
Movement.Transport.TransportPerson,errant,0,0,
Movement.Transport.TransportPerson,circulate,0,0,
Movement.Transport.TransportPerson,go_forward,0,0,
Movement.Transport.TransportPerson,accompany,0,0,
Movement.Transport.TransportPerson,flotation,0,0,
Movement.Transport.TransportPerson,hotfoot,0,0,
Movement.Transport.TransportPerson,slider,0,0,
Movement.Transport.TransportPerson,march_on,0,0,
Movement.Transport.TransportPerson,lift,0,0,
Movement.Transport.TransportPerson,accompaniment,0,0,
Movement.Transport.TransportPerson,travel_along,0,0,
Movement.Transport.TransportPerson,angler,0,0,
Movement.Transport.TransportPerson,betake_oneself,0,0,
Movement.Transport.TransportPerson,crawl,1,0,
Movement.Transport.TransportPerson,glider,0,0,
Movement.Transport.TransportPerson,fly,0.75,0,
Movement.Transport.TransportPerson,rush,0.8,0,
Movement.Transport.TransportPerson,floatation,0,0,
Movement.Transport.TransportPerson,err,0,0,
Movement.Transport.TransportPerson,pursue,0,0,
Movement.Transport.TransportPerson,ride,1,0,
Movement.Transport.TransportPerson,recede,0,0,
Movement.Transport.TransportPerson,go_past,0,0,
Movement.Transport.TransportPerson,get_about,0,0,
Movement.Transport.TransportPerson,pace,0.81,0,
Movement.Transport.TransportPerson,precess,0,0,
Movement.Transport.TransportPerson,motorist,0,0,
Movement.Transport.TransportPerson,following,0,0,
Movement.Transport.TransportPerson,ferry,0,0,
Movement.Transport.TransportPerson,speeder,0,0,
Movement.Transport.TransportPerson,wandering,0,0,
Movement.Transport.TransportPerson,creeping,0,0,
Movement.Transport.TransportPerson,trailer,0,0,
Movement.Transport.TransportPerson,rafter,0,0,
Movement.Transport.TransportPerson,be_adrift,0,0,
Movement.Transport.TransportPerson,vagabondage,0,0,
Movement.Transport.TransportPerson,trundle,0,0,
Movement.Transport.TransportPerson,arise,0,0,
Movement.Transport.TransportPerson,ascension,0,0,
Movement.Transport.TransportPerson,draw_back,0,0,
Movement.Transport.TransportPerson,mover,0,0,
Movement.Transport.TransportPerson,turn,0,0,
Movement.Transport.TransportPerson,seek,0,0,
Movement.Transport.TransportPerson,floating,0,0,
Movement.Transport.TransportPerson,come_down,0,0,
Movement.Transport.TransportPerson,journeyer,0,0,
Movement.Transport.TransportPerson,angle,0.83,0,
Movement.Transport.TransportPerson,wanderer,1,0,
Movement.Transport.TransportPerson,sit,0,0,
Movement.Transport.TransportPerson,creeper,0,0,
Movement.Transport.TransportPerson,travel,1,0,
Movement.Transport.TransportPerson,walk,0.62,0,
Movement.Transport.TransportPerson,speeding,0,0,
Movement.Transport.TransportPerson,forge,0,0,
Movement.Transport.TransportPerson,go_across,0,0,
Movement.Transport.TransportPerson,rider,0.85,0,
Movement.Transport.TransportPerson,go_on,0,0,
Movement.Transport.TransportPerson,wheel,0.92,0,
Movement.Transport.TransportPerson,play,0,0,
Movement.Transport.TransportPerson,rise,0.27,0,
Movement.Transport.TransportPerson,hurtle,0,0,
Movement.Transport.TransportPerson,withdraw,0,0,
Movement.Transport.TransportPerson,coming,0.5,0,
Movement.Transport.TransportPerson,ascensive,0,0,
Movement.Transport.TransportPerson,get_around,0,0,
Movement.Transport.TransportPerson,roam,0,0,
Movement.Transport.TransportPerson,drift,1,0,
Movement.Transport.TransportPerson,zigzag,0,0,
Movement.Transport.TransportPerson,steam,0,0,
Movement.Transport.TransportPerson,walker,0,0,
Movement.Transport.TransportPerson,journey,1,0,
Movement.Transport.TransportPerson,propagate,0,0,
Movement.Transport.TransportPerson,prance,0,0,
Movement.Transport.TransportPerson,billow,0,0,
Movement.Transport.TransportPerson,rolling,0,0,
Movement.Transport.TransportPerson,go_by,0,0,
Movement.Transport.TransportPerson,derail,0,0,
Movement.Transport.TransportPerson,ghost,0,0,
Movement.Transport.TransportPerson,receding,0,0,
Movement.Transport.TransportPerson,scrambler,0,0,
Movement.Transport.TransportPerson,ramble,0,0,
Movement.Transport.TransportPerson,whistle,0,0,
Movement.Transport.TransportPerson,pacer,0,0,
Movement.Transport.TransportPerson,drive,0.25,0,
Movement.Transport.TransportPerson,travel_purposefully,0,0,
Movement.Transport.TransportPerson,pull_back,0,0,
Movement.Transport.TransportPerson,travel_by,0,0,
Movement.Transport.TransportPerson,move_back,0,0,
Movement.Transport.TransportPerson,breeze,0,0,
Movement.Transport.TransportPerson,rove,0,0,
Movement.Transport.TransportPerson,crawling,0,0,
Movement.Transport.TransportPerson,push,0.8,0,
Movement.Transport.TransportPerson,locomote,nan,0,
Movement.Transport.TransportPerson,meander,0,0,
Movement.Transport.TransportPerson,wing,0.64,0,
JusticeEvent.TrialHearing,retrial,0,0,
JusticeEvent.TrialHearing,retry,0,0,
JusticeEvent.TrialHearing,quo_warranto,0,0,
JusticeEvent.TrialHearing,rehear,0,0,
JusticeEvent.TrialHearing,hearing,0.53,0,
JusticeEvent.TrialHearing,competence_hearing,0,0,
JusticeEvent.TrialHearing,trier,nan,0,
JusticeEvent.TrialHearing,hear,nan,0,
JusticeEvent.TrialHearing,fair_hearing,0,0,
JusticeEvent.TrialHearing,administrative_hearing,0,0,
JusticeEvent.ChargeIndict,charge,nan,0,
JusticeEvent.ChargeIndict,indict,0,0,
JusticeEvent.ChargeIndict,indictment,1,0,
JusticeEvent.ChargeIndict,accuse,nan,0,
BusinessEvent.EndOrganization,closer,nan,0,
BusinessEvent.EndOrganization,closure,0,0,
BusinessEvent.EndOrganization,retire,0,0,
BusinessEvent.EndOrganization,close_up,nan,0,
BusinessEvent.EndOrganization,withdraw,0,0,
BusinessEvent.EndOrganization,close_down,nan,0,
BusinessEvent.EndOrganization,shut_down,nan,0,
BusinessEvent.EndOrganization,withdrawal,0.33,0,
BusinessEvent.EndOrganization,adjournment,0,0,
BusinessEvent.EndOrganization,shutdown,1,0,
BusinessEvent.EndOrganization,closedown,nan,0,
BusinessEvent.EndOrganization,adjourn,0,0,
BusinessEvent.EndOrganization,close,1,0,
BusinessEvent.EndOrganization,closing,0,0,
JusticeEvent.Fine,library_fine,0,0,
JusticeEvent.Fine,amercement,0,0,
JusticeEvent.Fine,amerciable,0,0,
JusticeEvent.Fine,damages,nan,0,
JusticeEvent.Fine,mulct,0,0,
JusticeEvent.Fine,reparations,nan,0,
JusticeEvent.Fine,amerce,0,0,
JusticeEvent.Fine,ticket,0,0,
JusticeEvent.Fine,fine,0,0,
PersonnelEvent.EndPosition,retiree,0,0,
PersonnelEvent.EndPosition,emigre,nan,0,
PersonnelEvent.EndPosition,retire,0,0,
PersonnelEvent.EndPosition,defect,nan,0,
PersonnelEvent.EndPosition,escapee,nan,0,
PersonnelEvent.EndPosition,give_up,0,0,
PersonnelEvent.EndPosition,vacate,0,0,
PersonnelEvent.EndPosition,emigrate,nan,0,
PersonnelEvent.EndPosition,vamoose,nan,0,
PersonnelEvent.EndPosition,retirement,1,0,
PersonnelEvent.EndPosition,renounce,0,0,
PersonnelEvent.EndPosition,top_out,0,0,
PersonnelEvent.EndPosition,split,nan,0,
PersonnelEvent.EndPosition,resignation,0.67,0,
PersonnelEvent.EndPosition,defection,nan,0,
PersonnelEvent.EndPosition,quit,0,0,
PersonnelEvent.EndPosition,leave_office,nan,0,
PersonnelEvent.EndPosition,resign,0,0,
PersonnelEvent.EndPosition,emigration,nan,0,
PersonnelEvent.EndPosition,bolt,nan,0,
PersonnelEvent.EndPosition,fall,0.07,0,
PersonnelEvent.EndPosition,step_down,nan,0,
PersonnelEvent.EndPosition,sally,nan,0,
PersonnelEvent.EndPosition,desert,nan,0,
PersonnelEvent.EndPosition,retreat,nan,0,
PersonnelEvent.EndPosition,emigrant,nan,0,
PersonnelEvent.EndPosition,skedaddle,nan,0,
PersonnelEvent.EndPosition,vacant,0,0,
PersonnelEvent.EndPosition,desertion,nan,0,
JusticeEvent.Sue,litigation,1,0,
JusticeEvent.Sue,sue,nan,0,
JusticeEvent.Sue,litigate,nan,0,
JusticeEvent.Sue,process,0,0,
JusticeEvent.Sue,actionable,nan,0,
JusticeEvent.Sue,suer,nan,0,
JusticeEvent.Sue,suit,0,0,
JusticeEvent.Sue,action,0,0,
JusticeEvent.Sue,expedite,0,0,
JusticeEvent.Acquit,exculpate,nan,0,
JusticeEvent.Acquit,acquit,nan,0,
JusticeEvent.Acquit,exculpation,nan,0,
JusticeEvent.Acquit,vindicate,0,0,
JusticeEvent.Acquit,clearing,0,0,
JusticeEvent.Acquit,clear,0,0,
JusticeEvent.Acquit,whitewash,0,0,
JusticeEvent.Acquit,purge,0,0,
JusticeEvent.Acquit,exonerative,nan,0,
JusticeEvent.Acquit,exculpatory,nan,0,
JusticeEvent.Acquit,acquittal,nan,0,
JusticeEvent.Acquit,purgation,0,0,
JusticeEvent.Acquit,assoil,nan,0,
JusticeEvent.Acquit,exonerate,nan,0,
JusticeEvent.Acquit,exoneration,0,0,
BusinessEvent.DeclareBankruptcy,insolvent,nan,0,
BusinessEvent.DeclareBankruptcy,bankrupt,0,0,
JusticeEvent.Extradite,extradite,0,0,
JusticeEvent.Extradite,repatriation,0,0,
JusticeEvent.Extradite,deliver,nan,0,
JusticeEvent.Extradite,repatriate,0,0,
JusticeEvent.Extradite,extradition,0,0,
JusticeEvent.Extradite,deport,nan,0,
JusticeEvent.Extradite,deportee,1,0,
LifeEvent.Divorce,split_up,nan,0,
LifeEvent.Divorce,divorce,1,0,
LifeEvent.Divorce,divorcement,nan,0,
LifeEvent.Divorce,divorcee,nan,0,
JusticeEvent.ArrestJail,nab,0,0,
JusticeEvent.ArrestJail,cop,1,0,
JusticeEvent.ArrestJail,apprehend,0,0,
JusticeEvent.ArrestJail,pick_up,nan,0,
JusticeEvent.ArrestJail,apprehension,0,0,
JusticeEvent.ArrestJail,pinch,nan,0,
JusticeEvent.ArrestJail,apprehender,nan,0,
JusticeEvent.ArrestJail,taking_into_custody,nan,0,
JusticeEvent.ArrestJail,bust,nan,0,
JusticeEvent.ArrestJail,summons,nan,0,
JusticeEvent.ArrestJail,arrest,1,0,
JusticeEvent.ArrestJail,pickup,0.25,0,
JusticeEvent.ArrestJail,book,nan,0,
JusticeEvent.ArrestJail,collar,0,0,
Conflict.Attack,set_(upon),nan,0,
Conflict.Attack,invasion,0.75,0,
Conflict.Attack,bomb,0.89,0,
Conflict.Attack,hem_in,0,0,
Conflict.Attack,beleaguer,0,0,
Conflict.Attack,invasive,0,0,
Conflict.Attack,onslaught,0.5,0,
Conflict.Attack,counterstrike,0,0,
Conflict.Attack,blitz,0,0,
Conflict.Attack,occupier,0,0,
Conflict.Attack,jump,nan,0,
Conflict.Attack,pelter,0,0,
Conflict.Attack,bombardment,0,0,
Conflict.Attack,infiltration,nan,0,
Conflict.Attack,lay_(into),nan,0,
Conflict.Attack,invader,1,0,
Conflict.Attack,incursion,0,0,
Conflict.Attack,fall_(upon),nan,0,
Conflict.Attack,bombing,1,0,
Conflict.Attack,bomber,1,0,
Conflict.Attack,ground_attack,0,0,
Conflict.Attack,strafer,0,0,
Conflict.Attack,surpriser,0,0,
Conflict.Attack,circumvent,0,0,
Conflict.Attack,offensive,nan,0,
Conflict.Attack,charge,nan,0,
Conflict.Attack,bust,0,0,
Conflict.Attack,onset,0,0,
Conflict.Attack,occupy,0,0,
Conflict.Attack,attack,0.63,0,
Conflict.Attack,onrush,0.67,0,
Conflict.Attack,banzai_attack,0,0,
Conflict.Attack,storm,0,0,
Conflict.Attack,strafe,0,0,
Conflict.Attack,strike,0.22,0,
Conflict.Attack,surprise,0.24,0,
Conflict.Attack,besieger,1,0,
Conflict.Attack,occupation,0.1,0,
Conflict.Attack,counterattack,1,0,
Conflict.Attack,blitzkrieg,0,0,
Conflict.Attack,pepper,0,0,
Conflict.Attack,raid,1,0,
Conflict.Attack,banzai_charge,0,0,
Conflict.Attack,besiege,0,0,
Conflict.Attack,attacker,1,0,
Conflict.Attack,assault,nan,0,
Conflict.Attack,penetration,0.5,0,
Conflict.Attack,assailable,nan,0,
Conflict.Attack,assail,0,0,
Conflict.Attack,torpedo,0,0,
Conflict.Attack,infiltrate,nan,0,
Conflict.Attack,surprise_attack,0,0,
Conflict.Attack,bombard,0,0,
Conflict.Attack,cannonade,0,0,
Conflict.Attack,diversion,0.2,0,
Conflict.Attack,gassing,0.5,0,
Conflict.Attack,invade,0,0,
Conflict.Attack,countermove,0,0,
Conflict.Attack,ambush,nan,0,
Conflict.Attack,assailant,nan,0,
Conflict.Attack,diversionary_attack,1,0,
Conflict.Attack,pelt,0,0,
Conflict.Attack,coup_de_main,0,0,
JusticeEvent.Convict,convict,1,0,
JusticeEvent.Convict,reconvict,0,0,
JusticeEvent.Convict,conviction,0.14,0,
JusticeEvent.Appeal,appellant,0,0,
JusticeEvent.Appeal,appeal,0.32,0,
JusticeEvent.Appeal,appealable,nan,0,
Manufacture.Artifact,industrial,nan,0,
Manufacture.Artifact,prefabricate,0,0,
Manufacture.Artifact,producer,nan,0,
Manufacture.Artifact,industrialise,0,0,
Manufacture.Artifact,prefabrication,0,0,
Manufacture.Artifact,newspeak,0,0,
Manufacture.Artifact,industrialisation,0,0,
Manufacture.Artifact,make,nan,0,
Manufacture.Artifact,industrialize,0,0,
Manufacture.Artifact,construct,nan,0,
Manufacture.Artifact,production,0,0,
Manufacture.Artifact,raft,1,0,
Manufacture.Artifact,manufacture,1,0,
Manufacture.Artifact,produce,nan,0,
Manufacture.Artifact,manufacturing,1,0,
Manufacture.Artifact,fabrication,0,0,
Manufacture.Artifact,manufacturer,1,0,
Manufacture.Artifact,cottage_industry,0,0,
Manufacture.Artifact,fabricate,0,0,
Manufacture.Artifact,industry,0.21,0,
Manufacture.Artifact,industrial_enterprise,0,0,
Manufacture.Artifact,mass-produce,0,0,
Manufacture.Artifact,industrialization,1,0,
Manufacture.Artifact,maker,nan,0,
Transaction.TransferOwnership,purchaser,nan,0,
Transaction.TransferOwnership,take_out,0,0,
Transaction.TransferOwnership,subscribe,0,0,
Transaction.TransferOwnership,take_over,0,0,
Transaction.TransferOwnership,buy_out,0,0,
Transaction.TransferOwnership,impulse-buy,0,0,
Transaction.TransferOwnership,purchasing,nan,0,
Transaction.TransferOwnership,subscriber,0,0,
Transaction.TransferOwnership,pickup,0,0,
Transaction.TransferOwnership,take,0,0,
Transaction.TransferOwnership,buyer,1,0,
Transaction.TransferOwnership,pick_up,0,0,
Transaction.TransferOwnership,buy,0,0,
Transaction.TransferOwnership,buy_back,0,0,
Transaction.TransferOwnership,get,0,0,
Transaction.TransferOwnership,buyback,0,0,
Transaction.TransferOwnership,takeover,0,0,
Transaction.TransferOwnership,buy_up,0,0,
Transaction.TransferOwnership,repurchase,0,0,
Transaction.TransferOwnership,buyout,0,0,
Transaction.TransferOwnership,buying,1,0,
Transaction.TransferOwnership,purchase,0.92,0,
Transaction.TransferOwnership,getting,0,0,
Transaction.TransferOwnership,subscribe_to,0,0,
Transaction.TransferOwnership,buy_food,0,0,
Transaction.TransferOwnership,purchase_((act)),nan,0,
JusticeEvent.Execute,executioner,nan,0,
JusticeEvent.Execute,crucify,0,0,
JusticeEvent.Execute,execute,0,0,
JusticeEvent.Execute,headsman,nan,0,
JusticeEvent.Execute,put_to_death,nan,0,
JusticeEvent.Execute,guillotining,nan,0,
JusticeEvent.Execute,hang,0,0,
JusticeEvent.Execute,firing squad,nan,0,
JusticeEvent.Execute,executing,nan,0,
JusticeEvent.Execute,hangman,nan,0,
JusticeEvent.Execute,put to death,nan,0,
JusticeEvent.Execute,crucifix,1,0,
JusticeEvent.Execute,hanging,0,0,
JusticeEvent.Execute,guillotine,nan,0,
JusticeEvent.Execute,crucifixion,1,0,
JusticeEvent.Execute,execution,0.67,0,
JusticeEvent.Execute,string_up,0,0,
Contact.Broadcast,newscast,0,0,
Contact.Broadcast,radio_broadcast,0,0,
Contact.Broadcast,rebroadcast,0,0,
Contact.Broadcast,telecast,0,0,
Contact.Broadcast,simulcast,0,0,
LifeEvent.BeBorn,spawn,nan,0,
LifeEvent.BeBorn,fawn,0,0,
LifeEvent.BeBorn,nascence,nan,0,
LifeEvent.BeBorn,hatching,1,0,
LifeEvent.BeBorn,sire,nan,0,
LifeEvent.BeBorn,reincarnation,0,0,
LifeEvent.BeBorn,posthumous_birth,0,0,
LifeEvent.BeBorn,give_birth,nan,0,
LifeEvent.BeBorn,whelp,0,0,
LifeEvent.BeBorn,rebirth,0,0,
LifeEvent.BeBorn,live_birth,0,0,
LifeEvent.BeBorn,pig,1,0,
LifeEvent.BeBorn,nativity,nan,0,
LifeEvent.BeBorn,lying-in,0,0,
LifeEvent.BeBorn,litter,0.67,0,
LifeEvent.BeBorn,expectant,0,0,
LifeEvent.BeBorn,expect,0,0,
LifeEvent.BeBorn,have,0,0,
LifeEvent.BeBorn,nascency,nan,0,
LifeEvent.BeBorn,bring_forth,nan,0,
LifeEvent.BeBorn,carry_to_term,nan,0,
LifeEvent.BeBorn,calve,0,0,
LifeEvent.BeBorn,lamb,1,0,
LifeEvent.BeBorn,have_young,0,0,
LifeEvent.BeBorn,incubate,0,0,
LifeEvent.BeBorn,renascence,0,0,
LifeEvent.BeBorn,gestate,0,0,
LifeEvent.BeBorn,pup,1,0,
LifeEvent.BeBorn,father,nan,0,
LifeEvent.BeBorn,egg_laying,1,0,
LifeEvent.BeBorn,incubation,0,0,
LifeEvent.BeBorn,cradle,0,0,
LifeEvent.BeBorn,be_born,0,0,
LifeEvent.BeBorn,birthing,nan,0,
LifeEvent.BeBorn,hatch,0,0,
LifeEvent.BeBorn,beget,nan,0,
LifeEvent.BeBorn,foal,0,0,
LifeEvent.BeBorn,parturition,nan,0,
LifeEvent.BeBorn,cub,0,0,
LifeEvent.BeBorn,lambing,nan,0,
LifeEvent.BeBorn,travail,0,0,
LifeEvent.BeBorn,get,nan,0,
LifeEvent.BeBorn,farrowing,0,0,
LifeEvent.BeBorn,deliver,nan,0,
LifeEvent.BeBorn,gestation,0,0,
LifeEvent.BeBorn,bear,nan,0,
LifeEvent.BeBorn,vaginal_birth,0,0,
LifeEvent.BeBorn,delivery,0,0,
LifeEvent.BeBorn,brooding,0.5,0,
LifeEvent.BeBorn,confinement,0.5,0,
LifeEvent.BeBorn,propagate,nan,0,
LifeEvent.BeBorn,lay,nan,0,
LifeEvent.BeBorn,birth,1,0,
LifeEvent.BeBorn,farrow,0,0,
LifeEvent.BeBorn,childbed,0,0,
LifeEvent.BeBorn,childbirth,0,0,
LifeEvent.BeBorn,parturient,0,0,
LifeEvent.BeBorn,generate,nan,0,
LifeEvent.BeBorn,kid,nan,0,
LifeEvent.BeBorn,giving_birth,nan,0,
LifeEvent.BeBorn,calving,1,0,
LifeEvent.BeBorn,drop,nan,0,
LifeEvent.BeBorn,laying,1,0,
LifeEvent.BeBorn,twin,1,0,
LifeEvent.BeBorn,expectation,0,0,
LifeEvent.BeBorn,accouchement,0,0,
LifeEvent.BeBorn,childbearing,0,0,
LifeEvent.BeBorn,parturiency,0,0,
LifeEvent.BeBorn,nascent,nan,0,
LifeEvent.BeBorn,mother,nan,0,
LifeEvent.BeBorn,kitten,1,0,
LifeEvent.BeBorn,have_a_bun_in_the_oven,0,0,
PersonnelEvent.StartPosition,featherbed,0,0,
PersonnelEvent.StartPosition,hire,0,0,
PersonnelEvent.StartPosition,engage,0,0,
PersonnelEvent.StartPosition,ratter,0,0,
PersonnelEvent.StartPosition,hirer,nan,0,
PersonnelEvent.StartPosition,farm_out,0,0,
PersonnelEvent.StartPosition,job,0.36,0,
PersonnelEvent.StartPosition,subcontract,0,0,
PersonnelEvent.StartPosition,engagement,0.08,0,
PersonnelEvent.StartPosition,subcontractor,0,0,
PersonnelEvent.StartPosition,contract,0.9,0,
PersonnelEvent.StartPosition,employer,1,0,
PersonnelEvent.StartPosition,employ,1,0,
PersonnelEvent.StartPosition,signer,0,0,
PersonnelEvent.StartPosition,rat,0,0,
PersonnelEvent.StartPosition,sign_on,0,0,
PersonnelEvent.StartPosition,employee,1,0,
PersonnelEvent.StartPosition,ship,1,0,
PersonnelEvent.StartPosition,employment,0.24,0,
PersonnelEvent.StartPosition,sign_up,0,0,
LifeEvent.Die,decease,0,0,
LifeEvent.Die,give-up_the_ghost,nan,0,
LifeEvent.Die,Death,1,0,
LifeEvent.Die,kick the bucket,nan,0,
LifeEvent.Die,asphyxiate,0,0,
LifeEvent.Die,suffocative,0,0,
LifeEvent.Die,abort,0,0,
LifeEvent.Die,kick_the_bucket,nan,0,
LifeEvent.Die,terminator,nan,0,
LifeEvent.Die,go,nan,0,
LifeEvent.Die,conk,nan,0,
LifeEvent.Die,asphyxia,0,0,
LifeEvent.Die,death,0.88,0,
LifeEvent.Die,predecease,0,0,
LifeEvent.Die,buy_the_farm,nan,0,
LifeEvent.Die,buy_it,0,0,
LifeEvent.Die,suffocate,0,0,
LifeEvent.Die,exit,0,0,
LifeEvent.Die,croak it,nan,0,
LifeEvent.Die,succumb,0,0,
LifeEvent.Die,mortality,nan,0,
LifeEvent.Die,starve,0,0,
LifeEvent.Die,suffocation,1,0,
LifeEvent.Die,perish,0,0,
LifeEvent.Die,famish,0,0,
LifeEvent.Die,asphyxiation,0,0,
LifeEvent.Die,pass_away,nan,0,
LifeEvent.Die,drown,0,0,
LifeEvent.Die,demise,nan,0,
LifeEvent.Die,stifle,0,0,
LifeEvent.Die,pip_out,0,0,
LifeEvent.Die,pass away,nan,0,
LifeEvent.Die,drop_dead,nan,0,
LifeEvent.Die,going,0,0,
LifeEvent.Die,cash_in_one's_chips,nan,0,
LifeEvent.Die,die,nan,0,
LifeEvent.Die,snuff_it,nan,0,
LifeEvent.Die,choke,nan,0,
LifeEvent.Die,decedent,1,0,
LifeEvent.Die,expire,0,0,
LifeEvent.Die,expiration,0,0,
LifeEvent.Die,pop_off,nan,0,
LifeEvent.Die,passing,1,0,
LifeEvent.Die,starvation,nan,0,
LifeEvent.Die,croak,0,0,
LifeEvent.Marry,get_hitched_with,nan,0,
LifeEvent.Marry,wedding,1,0,
LifeEvent.Marry,solemnize,0,0,
LifeEvent.Marry,solemnisation,0,0,
LifeEvent.Marry,intermarriage,1,0,
LifeEvent.Marry,solemnise,0,0,
LifeEvent.Marry,wed,0,0,
LifeEvent.Marry,get_married,nan,0,
LifeEvent.Marry,inmarriage,0,0,
LifeEvent.Marry,conjoin,nan,0,
LifeEvent.Marry,remarry,0,0,
LifeEvent.Marry,solemnization,0,0,
LifeEvent.Marry,splice,nan,0,
LifeEvent.Marry,wive,0,0,
LifeEvent.Marry,hook_up_with,nan,0,
LifeEvent.Marry,mismarry,0,0,
LifeEvent.Marry,marry,0,0,
LifeEvent.Marry,married,nan,0,
LifeEvent.Marry,remarriage,0,0,
LifeEvent.Marry,marriage,0.05,0,
LifeEvent.Marry,espouse,nan,0,
LifeEvent.Marry,intermarry,0,0,
LifeEvent.Marry,inmarry,0,0,
LifeEvent.Injure,subluxate,0,0,
LifeEvent.Injure,transfix,nan,0,
LifeEvent.Injure,bruise,1,0,
LifeEvent.Injure,scrape,0,0,
LifeEvent.Injure,skin,0.74,0,
LifeEvent.Injure,twist,0,0,
LifeEvent.Injure,cut,nan,0,
LifeEvent.Injure,trampler,0,0,
LifeEvent.Injure,contuse,0,0,
LifeEvent.Injure,wounding,nan,0,
LifeEvent.Injure,cudgel,nan,0,
LifeEvent.Injure,bludgeon,nan,0,
LifeEvent.Injure,tormenter,0,0,
LifeEvent.Injure,rick,0,0,
LifeEvent.Injure,crack,nan,0,
LifeEvent.Injure,maim,0,0,
LifeEvent.Injure,jab,nan,0,
LifeEvent.Injure,kick,nan,0,
LifeEvent.Injure,electrocute,nan,0,
LifeEvent.Injure,hit,nan,0,
LifeEvent.Injure,torture,0,0,
LifeEvent.Injure,knock,nan,0,
LifeEvent.Injure,beat,nan,0,
LifeEvent.Injure,incapacitate,0,0,
LifeEvent.Injure,stabber,0,0,
LifeEvent.Injure,break,0,0,
LifeEvent.Injure,smack,nan,0,
LifeEvent.Injure,batter,nan,0,
LifeEvent.Injure,smash,nan,0,
LifeEvent.Injure,shock,0.58,0,
LifeEvent.Injure,claw,nan,0,
LifeEvent.Injure,disablement,0,0,
LifeEvent.Injure,sprain,0,0,
LifeEvent.Injure,harm,0.38,0,
LifeEvent.Injure,pummel,nan,0,
LifeEvent.Injure,beat up,nan,0,
LifeEvent.Injure,whip,nan,0,
LifeEvent.Injure,contusion,0,0,
LifeEvent.Injure,slice,nan,0,
LifeEvent.Injure,pelt,nan,0,
LifeEvent.Injure,poison,nan,0,
LifeEvent.Injure,crush,nan,0,
LifeEvent.Injure,trauma,0,0,
LifeEvent.Injure,flagellate,nan,0,
LifeEvent.Injure,knife,0.92,0,
LifeEvent.Injure,traumatise,0,0,
LifeEvent.Injure,burn,nan,0,
LifeEvent.Injure,punch,nan,0,
LifeEvent.Injure,impale,nan,0,
LifeEvent.Injure,graze,0,0,
LifeEvent.Injure,torturer,0,0,
LifeEvent.Injure,mutilate,nan,0,
LifeEvent.Injure,concuss,0,0,
LifeEvent.Injure,bash,nan,0,
LifeEvent.Injure,stone,nan,0,
LifeEvent.Injure,bruiser,0,0,
LifeEvent.Injure,chop,nan,0,
LifeEvent.Injure,lash,nan,0,
LifeEvent.Injure,spear,nan,0,
LifeEvent.Injure,bayonet,nan,0,
LifeEvent.Injure,clout,nan,0,
LifeEvent.Injure,subluxation,0,0,
LifeEvent.Injure,wrick,0,0,
LifeEvent.Injure,grazing,0,0,
LifeEvent.Injure,belt,nan,0,
LifeEvent.Injure,run_over,0,0,
LifeEvent.Injure,injure,0,0,
LifeEvent.Injure,traumatize,0,0,
LifeEvent.Injure,swipe,nan,0,
LifeEvent.Injure,hitting,0,0,
LifeEvent.Injure,calk,0,0,
LifeEvent.Injure,strike,nan,0,
LifeEvent.Injure,run_down,0,0,
LifeEvent.Injure,injury,1,0,
LifeEvent.Injure,boil,nan,0,
LifeEvent.Injure,electrocution,nan,0,
LifeEvent.Injure,club,nan,0,
LifeEvent.Injure,squash,nan,0,
LifeEvent.Injure,hurt,0,0,
LifeEvent.Injure,slap,nan,0,
LifeEvent.Injure,overstretch,0,0,
LifeEvent.Injure,butt,nan,0,
LifeEvent.Injure,shoot,0,0,
LifeEvent.Injure,pull,0,0,
LifeEvent.Injure,thwack,nan,0,
LifeEvent.Injure,excruciate,0,0,
LifeEvent.Injure,cuff,nan,0,
LifeEvent.Injure,torturing,0,0,
LifeEvent.Injure,elbow,nan,0,
LifeEvent.Injure,poisoning,nan,0,
LifeEvent.Injure,maul,nan,0,
LifeEvent.Injure,cane,nan,0,
LifeEvent.Injure,sting,nan,0,
LifeEvent.Injure,horsewhip,nan,0,
LifeEvent.Injure,torment,0.33,0,
LifeEvent.Injure,pip,0,0,
LifeEvent.Injure,excruciation,0,0,
LifeEvent.Injure,hammer,nan,0,
LifeEvent.Injure,wound,0.08,0,
LifeEvent.Injure,invalid,1,0,
LifeEvent.Injure,trample,0,0,
LifeEvent.Injure,fracture,0,0,
LifeEvent.Injure,gash,nan,0,
LifeEvent.Injure,biff,nan,0,
LifeEvent.Injure,maimer,0,0,
LifeEvent.Injure,handicap,0.5,0,
LifeEvent.Injure,buffet,nan,0,
LifeEvent.Injure,disable,0,0,
LifeEvent.Injure,stab,0,0,
LifeEvent.Injure,knee,nan,0,
LifeEvent.Injure,shooter,0,0,
LifeEvent.Injure,welt,nan,0,
LifeEvent.Injure,wrench,0,0,
LifeEvent.Injure,flog,nan,0,
BusinessEvent.MergeOrg,consolidate,0,0,
BusinessEvent.MergeOrg,throw_together,nan,0,
BusinessEvent.MergeOrg,amalgamate,nan,0,
BusinessEvent.MergeOrg,merge,0,0,
BusinessEvent.MergeOrg,jumble,nan,0,
BusinessEvent.MergeOrg,bring_together,nan,0,
BusinessEvent.MergeOrg,coalesce,nan,0,
BusinessEvent.MergeOrg,merger,1,0,
BusinessEvent.MergeOrg,weld,0,0,
BusinessEvent.MergeOrg,unite,0,0,
BusinessEvent.MergeOrg,commingle,nan,0,
BusinessEvent.MergeOrg,mix,nan,0,
BusinessEvent.MergeOrg,combine,nan,0,
BusinessEvent.MergeOrg,intermix,nan,0,
BusinessEvent.MergeOrg,uniting,nan,0,
BusinessEvent.MergeOrg,meld,nan,0,
BusinessEvent.MergeOrg,consolidative,0,0,
BusinessEvent.MergeOrg,conflate,nan,0,
BusinessEvent.MergeOrg,consolidation,0.5,0,
BusinessEvent.MergeOrg,lump,nan,0,
BusinessEvent.MergeOrg,fuse,nan,0,
BusinessEvent.MergeOrg,unification,1,0,
BusinessEvent.MergeOrg,compound,nan,0,
BusinessEvent.MergeOrg,pair,nan,0,
BusinessEvent.MergeOrg,unify,0,0,
BusinessEvent.MergeOrg,join,nan,0,
BusinessEvent.MergeOrg,flux,nan,0,
BusinessEvent.MergeOrg,consubstantiate,0,0,
BusinessEvent.MergeOrg,consubstantiation,0,0,
BusinessEvent.MergeOrg,blend,nan,0,
BusinessEvent.MergeOrg,admix,nan,0,
PersonnelEvent.Nominate,propose,nan,0,
PersonnelEvent.Nominate,nomination,1,0,
PersonnelEvent.Nominate,put_up,0,0,
PersonnelEvent.Nominate,put_forward,0,0,
PersonnelEvent.Nominate,nominate,0,0,
PersonnelEvent.Nominate,nominator,0,0,
PersonnelEvent.Nominate,nominative,0,0,
Conflict.Demonstrate,march,0.84,0,
Conflict.Demonstrate,demonstrate,nan,0,
Conflict.Demonstrate,demonstration,0.17,0,
Conflict.Demonstrate,picket,0,0,
Conflict.Demonstrate,demonstrator,0,0,
JusticeEvent.ReleaseParole,parole,0,0,
JusticeEvent.ReleaseParole,parolee,nan,0,
Contact.Meet,converging,nan,0,
Contact.Meet,spread_over,0,0,
Contact.Meet,interlocutor,nan,0,
Contact.Meet,visitor,1,0,
Contact.Meet,coherency,0,0,
Contact.Meet,encounter,0.21,0,
Contact.Meet,rest_on,0,0,
Contact.Meet,discussant,nan,0,
Contact.Meet,touch,0.42,0,
Contact.Meet,run_across,nan,0,
Contact.Meet,debate,nan,0,
Contact.Meet,abutter,0,0,
Contact.Meet,celebrator,0,0,
Contact.Meet,surroundings,0.17,0,
Contact.Meet,adjoin,0,0,
Contact.Meet,scratch,1,0,
Contact.Meet,edging,0,0,
Contact.Meet,butt_on,0,0,
Contact.Meet,march,0,0,
Contact.Meet,lean_against,0,0,
Contact.Meet,breast,0.75,0,
Contact.Meet,intersection,0,0,
Contact.Meet,discuss,nan,0,
Contact.Meet,celebrate,0,0,
Contact.Meet,covering,0,0,
Contact.Meet,converge,nan,0,
Contact.Meet,crossing,0,0,
Contact.Meet,talk_(to),nan,0,
Contact.Meet,see,nan,0,
Contact.Meet,reunion,0.5,0,
Contact.Meet,adjunctive,nan,0,
Contact.Meet,call_in,0,0,
Contact.Meet,reunite,0,0,
Contact.Meet,pickup,0,0,
Contact.Meet,intersect,0,0,
Contact.Meet,exchange,nan,0,
Contact.Meet,rub,0,0,
Contact.Meet,confer,nan,0,
Contact.Meet,celebration,1,0,
Contact.Meet,chafe,0,0,
Contact.Meet,cleave,0,0,
Contact.Meet,surround,1,0,
Contact.Meet,butt_against,0,0,
Contact.Meet,negotiation,nan,0,
Contact.Meet,cohere,0,0,
Contact.Meet,attachable,0,0,
Contact.Meet,conference,nan,0,
Contact.Meet,parley,nan,0,
Contact.Meet,visit,0.5,0,
Contact.Meet,attach,0,0,
Contact.Meet,consultation,nan,0,
Contact.Meet,call,0.07,0,
Contact.Meet,fret,0,0,
Contact.Meet,meeting,0.97,0,
Contact.Meet,dialogue,nan,0,
Contact.Meet,hug,0,0,
Contact.Meet,convergency,nan,0,
Contact.Meet,adjunction,nan,0,
Contact.Meet,coherence,0,0,
Contact.Meet,coherent,0,0,
Contact.Meet,butt,0,0,
Contact.Meet,convergence,nan,0,
Contact.Meet,visitant,0,0,
Contact.Meet,lean_on,0,0,
Contact.Meet,caller,1,0,
Contact.Meet,meet,1,0,
Contact.Meet,meeter,nan,0,
Contact.Meet,celebrant,1,0,
Contact.Meet,rubbing,0,0,
Contact.Meet,convergent,nan,0,
Contact.Meet,run_into,nan,0,
Contact.Meet,border,0.86,0,
Contact.Meet,discussion,nan,0,
Contact.Meet,cohesive,0,0,
Contact.Meet,get_together,0,0,
Contact.Meet,fete,0,0,
Contact.Meet,contact,0.2,0,
Contact.Meet,attachment,0,0,
Contact.Meet,cling,0,0,
Contact.Meet,pick_up,0,0,
Contact.Meet,negotiate,nan,0,
Contact.Meet,abut,0,0,
Contact.Meet,intersectant,0,0,
Contact.Meet,come_across,nan,0,
Contact.Meet,celebratory,0,0,
Contact.Meet,fray,0,0,
Contact.Meet,cover,0.44,0,
Contact.Meet,cohesion,1,0,
Contact.Meet,edge,0.12,0,
Contact.Meet,environ,0,0,
Contact.Meet,talk,nan,0,
Contact.Meet,rendezvous,1,0,
Contact.Meet,abutment,0,0,